Power Constraint (kW),Specified Cell Count,Flight Level (100x ft),current_A (Value),cathode_rh_in_perc (Value),stoich_cathode (Value),pressure_cathode_in_bara (Value),temp_coolant_inlet_degC (Value),temp_coolant_outlet_degC (Value),current_A (Lower Bound),cathode_rh_in_perc (Lower Bound),stoich_cathode (Lower Bound),pressure_cathode_in_bara (Lower Bound),temp_coolant_inlet_degC (Lower Bound),temp_coolant_outlet_degC (Lower Bound),current_A (Upper Bound),cathode_rh_in_perc (Upper Bound),stoich_cathode (Upper Bound),pressure_cathode_in_bara (Upper Bound),temp_coolant_inlet_degC (Upper Bound),temp_coolant_outlet_degC (Upper Bound),Hydrogen Consumption (g/s),Cell Voltage (V),System Power (kW),Compressor Power (kW),Stack Power (kW)
40.0,500,20,110.1742,100.0,1.4,1.1,60.0,65.0,50.0,100.0,1.4,1.1,60.0,60.0,2000.0,100.0,1.4,3.0,90.0,90.0,0.5755,0.7339,39.93,0.5,40.43
40.0,500,40,110.4165,100.0,1.4,1.1,60.0,65.0,50.0,100.0,1.4,1.1,60.0,60.0,2000.0,100.0,1.4,3.0,90.0,90.0,0.5768,0.7366,39.92,0.74,40.66
40.0,500,60,110.9568,100.0,1.4,1.1,60.0001,65.0001,50.0,100.0,1.4,1.1,60.0,60.0,2000.0,100.0,1.4,3.0,90.0,90.0,0.5796,0.7374,39.93,0.98,40.91
40.0,500,80,112.4997,100.0,1.4,1.1,60.0,65.0,50.0,100.0,1.4,1.1,60.0,60.0,2000.0,100.0,1.4,3.0,90.0,90.0,0.5877,0.7318,39.92,1.24,41.17
40.0,500,100,112.637,100.0,1.4,1.1,60.0,65.0001,50.0,100.0,1.4,1.1,60.0,60.0,2000.0,100.0,1.4,3.0,90.0,90.0,0.5884,0.7354,39.92,1.49,41.41
40.0,500,120,113.6008,100.0,1.4,1.1,60.0,65.0001,50.0,100.0,1.4,1.1,60.0,60.0,2000.0,100.0,1.4,3.0,90.0,90.0,0.5934,0.7337,39.92,1.75,41.68
45.0,400,0,155.8119,100.0,1.4,1.1,60.0,65.0002,50.0,100.0,1.4,1.1,60.0,60.0,2000.0,100.0,1.4,3.0,90.0,90.0,0.6511,0.7256,44.92,0.3,45.23
45.0,400,20,156.6661,100.0,1.4,1.1,60.0,65.0,50.0,100.0,1.4,1.1,60.0,60.0,2000.0,100.0,1.4,3.0,90.0,90.0,0.6547,0.726,44.92,0.57,45.49
45.0,400,40,158.8364,100.0,1.4,1.1,60.0001,65.0001,50.0,100.0,1.4,1.1,60.0,60.0,2000.0,100.0,1.4,3.0,90.0,90.0,0.6638,0.7204,44.92,0.85,45.77
45.0,400,60,158.9309,100.0,1.4,1.1,60.0,65.0001,50.0,100.0,1.4,1.1,60.0,60.0,2000.0,100.0,1.4,3.0,90.0,90.0,0.6642,0.7244,44.92,1.13,46.05
20.0,450,40,60.6312,100.0,1.4,1.1,60.0,65.0001,50.0,100.0,1.4,1.1,60.0,60.0,2000.0,100.0,1.4,3.0,90.0,90.0,0.285,0.7437,19.93,0.37,20.29
45.0,400,80,160.792,100.0,1.4,1.1,60.0,65.0,50.0,100.0,1.4,1.1,60.0,60.0,2000.0,100.0,1.4,3.0,90.0,90.0,0.6719,0.7205,44.92,1.42,46.34
45.0,400,100,159.8242,100.0,1.4,1.1,60.0,65.0001,50.0,100.0,1.4,1.1,60.0,60.0,2000.0,100.0,1.4,3.0,90.0,90.0,0.6679,0.7291,44.92,1.69,46.61
45.0,400,120,162.9555,100.0,1.4,1.1,60.0,65.0001,50.0,100.0,1.4,1.1,60.0,60.0,2000.0,100.0,1.4,3.0,90.0,90.0,0.681,0.72,44.92,2.01,46.93
45.0,450,0,138.3401,100.0,1.4,1.1,60.0001,65.0001,50.0,100.0,1.4,1.1,60.0,60.0,2000.0,100.0,1.4,3.0,90.0,90.0,0.6504,0.7265,44.92,0.3,45.23
45.0,450,20,139.0708,100.0,1.4,1.1,60.0,65.0001,50.0,100.0,1.4,1.1,60.0,60.0,2000.0,100.0,1.4,3.0,90.0,90.0,0.6538,0.7269,44.92,0.57,45.49
45.0,450,40,140.7924,100.0,1.4,1.1,60.0,65.0001,50.0,100.0,1.4,1.1,60.0,60.0,2000.0,100.0,1.4,3.0,90.0,90.0,0.6619,0.7224,44.92,0.85,45.77
45.0,450,60,141.2808,100.0,1.4,1.1,60.0,65.0001,50.0,100.0,1.4,1.1,60.0,60.0,2000.0,100.0,1.4,3.0,90.0,90.0,0.6642,0.7243,44.92,1.13,46.05
45.0,450,80,142.2837,100.0,1.4,1.1,60.0001,65.0001,50.0,100.0,1.4,1.1,60.0,60.0,2000.0,100.0,1.4,3.0,90.0,90.0,0.6689,0.7237,44.92,1.41,46.34
45.0,450,100,142.8444,100.0,1.4,1.1,60.0,65.0001,50.0,100.0,1.4,1.1,60.0,60.0,2000.0,100.0,1.4,3.0,90.0,90.0,0.6715,0.7253,44.92,1.7,46.62
45.0,450,120,143.873,100.0,1.4,1.1,60.0,65.0,50.0,100.0,1.4,1.1,60.0,60.0,2000.0,100.0,1.4,3.0,90.0,90.0,0.6764,0.7247,44.92,2.0,46.92
20.0,450,60,60.6876,100.0,1.4,1.1,60.0001,65.0001,50.0,100.0,1.4,1.1,60.0,60.0,2000.0,100.0,1.4,3.0,90.0,90.0,0.2853,0.7474,19.93,0.48,20.41
45.0,500,0,123.3012,100.0,1.4,1.1,60.0,65.0001,50.0,100.0,1.4,1.1,60.0,60.0,2000.0,100.0,1.4,3.0,90.0,90.0,0.6441,0.7336,44.93,0.3,45.22
45.0,500,20,124.1436,100.0,1.4,1.1,60.0,65.0001,50.0,100.0,1.4,1.1,60.0,60.0,2000.0,100.0,1.4,3.0,90.0,90.0,0.6485,0.7329,44.93,0.57,45.49
45.0,500,40,124.942,100.0,1.4,1.1,60.0,65.0001,50.0,100.0,1.4,1.1,60.0,60.0,2000.0,100.0,1.4,3.0,90.0,90.0,0.6526,0.7325,44.92,0.84,45.76
45.0,500,60,126.0794,100.0,1.4,1.1,60.0,65.0,50.0,100.0,1.4,1.1,60.0,60.0,2000.0,100.0,1.4,3.0,90.0,90.0,0.6586,0.7303,44.92,1.12,46.04
45.0,500,80,127.0355,100.0,1.4,1.1,60.0,65.0001,50.0,100.0,1.4,1.1,60.0,60.0,2000.0,100.0,1.4,3.0,90.0,90.0,0.6636,0.7293,44.92,1.4,46.32
45.0,500,100,127.5203,100.0,1.4,1.1,60.0,65.0001,50.0,100.0,1.4,1.1,60.0,60.0,2000.0,100.0,1.4,3.0,90.0,90.0,0.6661,0.731,44.92,1.69,46.61
45.0,500,120,128.6784,100.0,1.4,1.1,60.0,65.0001,50.0,100.0,1.4,1.1,60.0,60.0,2000.0,100.0,1.4,3.0,90.0,90.0,0.6722,0.7291,44.92,1.99,46.91
50.0,400,0,174.9226,100.0,1.4,1.1,60.0001,65.0001,50.0,100.0,1.4,1.1,60.0,60.0,2000.0,100.0,1.4,3.0,90.0,90.0,0.731,0.7183,49.92,0.34,50.26
50.0,400,20,176.1557,100.0,1.4,1.1,60.0,65.0001,50.0,100.0,1.4,1.1,60.0,60.0,2000.0,100.0,1.4,3.0,90.0,90.0,0.7361,0.7176,49.92,0.64,50.56
50.0,400,40,176.0102,100.0,1.4,1.1,60.0,65.0001,50.0,100.0,1.4,1.1,60.0,60.0,2000.0,100.0,1.4,3.0,90.0,90.0,0.7355,0.7225,49.92,0.94,50.87
20.0,450,80,60.9849,100.0,1.4,1.1,60.0001,65.0002,50.0,100.0,1.4,1.1,60.0,60.0,2000.0,100.0,1.4,3.0,90.0,90.0,0.2867,0.7482,19.93,0.61,20.53
50.0,400,60,177.1546,100.0,1.4,1.1,60.0,65.0001,50.0,100.0,1.4,1.1,60.0,60.0,2000.0,100.0,1.4,3.0,90.0,90.0,0.7403,0.7222,49.92,1.26,51.18
50.0,400,80,179.6918,100.0,1.4,1.1,60.0,65.0,50.0,100.0,1.4,1.1,60.0,60.0,2000.0,100.0,1.4,3.0,90.0,90.0,0.7509,0.7166,49.92,1.59,51.51
50.0,400,100,180.0586,100.0,1.4,1.1,60.0,65.0,50.0,100.0,1.4,1.1,60.0,60.0,2000.0,100.0,1.4,3.0,90.0,90.0,0.7524,0.7196,49.92,1.91,51.83
50.0,400,120,182.7292,100.0,1.4,1.1,60.0001,65.0001,50.0,100.0,1.4,1.1,60.0,60.0,2000.0,100.0,1.4,3.0,90.0,90.0,0.7636,0.7138,49.92,2.26,52.17
50.0,450,0,154.832,100.0,1.4,1.1,60.0,65.0,50.0,100.0,1.4,1.1,60.0,60.0,2000.0,100.0,1.4,3.0,90.0,90.0,0.7279,0.7214,49.92,0.34,50.26
50.0,450,20,154.7274,100.0,1.4,1.1,60.0,65.0,50.0,100.0,1.4,1.1,60.0,60.0,2000.0,100.0,1.4,3.0,90.0,90.0,0.7274,0.7261,49.92,0.63,50.56
50.0,450,40,155.712,100.0,1.4,1.1,60.0,65.0001,50.0,100.0,1.4,1.1,60.0,60.0,2000.0,100.0,1.4,3.0,90.0,90.0,0.732,0.7259,49.92,0.94,50.86
50.0,450,60,157.4973,100.0,1.4,1.1,60.0,65.0,50.0,100.0,1.4,1.1,60.0,60.0,2000.0,100.0,1.4,3.0,90.0,90.0,0.7404,0.7221,49.92,1.26,51.18
50.0,450,80,158.0332,100.0,1.4,1.1,60.0,65.0,50.0,100.0,1.4,1.1,60.0,60.0,2000.0,100.0,1.4,3.0,90.0,90.0,0.743,0.7241,49.92,1.57,51.49
50.0,450,100,160.0772,100.0,1.4,1.1,60.0,65.0001,50.0,100.0,1.4,1.1,60.0,60.0,2000.0,100.0,1.4,3.0,90.0,90.0,0.7526,0.7195,49.92,1.91,51.83
20.0,450,100,61.5472,100.0,1.4,1.1,60.0,65.0001,50.0,100.0,1.4,1.1,60.0,60.0,2000.0,100.0,1.4,3.0,90.0,90.0,0.2893,0.7459,19.93,0.73,20.66
50.0,450,120,159.6121,100.0,1.4,1.1,60.0,65.0001,50.0,100.0,1.4,1.1,60.0,60.0,2000.0,100.0,1.4,3.0,90.0,90.0,0.7504,0.7259,49.92,2.22,52.14
50.0,500,0,137.6524,100.0,1.4,1.1,60.0001,65.0002,50.0,100.0,1.4,1.1,60.0,60.0,2000.0,100.0,1.4,3.0,90.0,90.0,0.719,0.7302,49.92,0.33,50.26
50.0,500,20,138.9583,100.0,1.4,1.1,60.0001,65.0001,50.0,100.0,1.4,1.1,60.0,60.0,2000.0,100.0,1.4,3.0,90.0,90.0,0.7259,0.7277,49.92,0.63,50.56
50.0,500,40,141.4565,100.0,1.4,1.1,60.0001,65.0001,50.0,100.0,1.4,1.1,60.0,60.0,2000.0,100.0,1.4,3.0,90.0,90.0,0.7389,0.7192,49.92,0.95,50.87
50.0,500,60,140.2475,100.0,1.4,1.1,60.0,65.0001,50.0,100.0,1.4,1.1,60.0,60.0,2000.0,100.0,1.4,3.0,90.0,90.0,0.7326,0.7297,49.92,1.24,51.17
50.0,500,80,140.7606,100.0,1.4,1.1,60.0001,65.0001,50.0,100.0,1.4,1.1,60.0,60.0,2000.0,100.0,1.4,3.0,90.0,90.0,0.7353,0.7314,49.92,1.55,51.48
50.0,500,100,142.5392,100.0,1.4,1.1,60.0,65.0,50.0,100.0,1.4,1.1,60.0,60.0,2000.0,100.0,1.4,3.0,90.0,90.0,0.7446,0.7269,49.92,1.89,51.81
50.0,500,120,143.8416,100.0,1.4,1.1,60.0002,65.0002,50.0,100.0,1.4,1.1,60.0,60.0,2000.0,100.0,1.4,3.0,90.0,90.0,0.7514,0.725,49.92,2.22,52.14
55.0,400,0,193.2272,100.0,1.4,1.1,60.0,65.0,50.0,100.0,1.4,1.1,60.0,60.0,2000.0,100.0,1.4,3.0,90.0,90.0,0.8075,0.7154,54.92,0.37,55.29
55.0,400,20,195.5177,100.0,1.4,1.1,60.0,65.0,50.0,100.0,1.4,1.1,60.0,60.0,2000.0,100.0,1.4,3.0,90.0,90.0,0.817,0.7114,54.92,0.71,55.63
20.0,450,120,61.8164,100.0,1.4,1.1,60.0,65.0001,50.0,100.0,1.4,1.1,60.0,60.0,2000.0,100.0,1.4,3.0,90.0,90.0,0.2906,0.7472,19.93,0.86,20.78
55.0,400,40,195.2971,100.0,1.4,1.1,60.0001,65.0001,50.0,100.0,1.4,1.1,60.0,60.0,2000.0,100.0,1.4,3.0,90.0,90.0,0.8161,0.7164,54.92,1.05,55.97
55.0,400,60,197.9234,100.0,1.4,1.1,60.0,65.0001,50.0,100.0,1.4,1.1,60.0,60.0,2000.0,100.0,1.4,3.0,90.0,90.0,0.8271,0.7114,54.92,1.4,56.32
55.0,400,80,198.9088,100.0,1.4,1.1,60.0,65.0001,50.0,100.0,1.4,1.1,60.0,60.0,2000.0,100.0,1.4,3.0,90.0,90.0,0.8312,0.7123,54.92,1.76,56.67
55.0,400,100,199.8574,100.0,1.4,1.1,60.0,65.0001,50.0,100.0,1.4,1.1,60.0,60.0,2000.0,100.0,1.4,3.0,90.0,90.0,0.8352,0.7134,54.92,2.12,57.03
55.0,400,120,202.2553,100.0,1.4,1.1,60.0,65.0001,50.0,100.0,1.4,1.1,60.0,60.0,2000.0,100.0,1.4,3.0,90.0,90.0,0.8452,0.7097,54.92,2.5,57.41
55.0,450,0,171.1947,100.0,1.4,1.1,60.0,65.0001,50.0,100.0,1.4,1.1,60.0,60.0,2000.0,100.0,1.4,3.0,90.0,90.0,0.8048,0.7178,54.92,0.37,55.3
55.0,450,20,170.9356,100.0,1.4,1.1,60.0,65.0001,50.0,100.0,1.4,1.1,60.0,60.0,2000.0,100.0,1.4,3.0,90.0,90.0,0.8036,0.7231,54.92,0.7,55.62
55.0,450,40,173.109,100.0,1.4,1.1,60.0,65.0,50.0,100.0,1.4,1.1,60.0,60.0,2000.0,100.0,1.4,3.0,90.0,90.0,0.8138,0.7184,54.92,1.04,55.96
55.0,450,60,173.8362,100.0,1.4,1.1,60.0,65.0003,50.0,100.0,1.4,1.1,60.0,60.0,2000.0,100.0,1.4,3.0,90.0,90.0,0.8172,0.7198,54.92,1.39,56.31
55.0,450,80,174.9586,100.0,1.4,1.1,60.0,65.0001,50.0,100.0,1.4,1.1,60.0,60.0,2000.0,100.0,1.4,3.0,90.0,90.0,0.8225,0.7196,54.92,1.74,56.66
20.0,500,0,53.8506,100.0,1.4,1.1,60.0001,65.0002,50.0,100.0,1.4,1.1,60.0,60.0,2000.0,100.0,1.4,3.0,90.0,90.0,0.2813,0.745,19.93,0.13,20.06
55.0,450,100,175.785,100.0,1.4,1.1,60.0,65.0,50.0,100.0,1.4,1.1,60.0,60.0,2000.0,100.0,1.4,3.0,90.0,90.0,0.8264,0.7207,54.92,2.09,57.01
55.0,450,120,178.0101,100.0,1.4,1.1,60.0,65.0,50.0,100.0,1.4,1.1,60.0,60.0,2000.0,100.0,1.4,3.0,90.0,90.0,0.8369,0.7165,54.92,2.47,57.39
55.0,500,0,152.3239,100.0,1.4,1.1,60.0,65.0001,50.0,100.0,1.4,1.1,60.0,60.0,2000.0,100.0,1.4,3.0,90.0,90.0,0.7957,0.726,54.92,0.37,55.29
55.0,500,20,154.0587,100.0,1.4,1.1,60.0001,65.0002,50.0,100.0,1.4,1.1,60.0,60.0,2000.0,100.0,1.4,3.0,90.0,90.0,0.8047,0.7221,54.92,0.7,55.62
55.0,500,40,154.9353,100.0,1.4,1.1,60.0,65.0001,50.0,100.0,1.4,1.1,60.0,60.0,2000.0,100.0,1.4,3.0,90.0,90.0,0.8093,0.7224,54.92,1.04,55.96
55.0,500,60,156.5046,100.0,1.4,1.1,60.0001,65.0001,50.0,100.0,1.4,1.1,60.0,60.0,2000.0,100.0,1.4,3.0,90.0,90.0,0.8175,0.7196,54.92,1.39,56.31
55.0,500,80,157.4685,100.0,1.4,1.1,60.0,65.0,50.0,100.0,1.4,1.1,60.0,60.0,2000.0,100.0,1.4,3.0,90.0,90.0,0.8226,0.7196,54.92,1.74,56.66
55.0,500,100,157.6153,100.0,1.4,1.1,60.0,65.0,50.0,100.0,1.4,1.1,60.0,60.0,2000.0,100.0,1.4,3.0,90.0,90.0,0.8233,0.7234,54.92,2.09,57.01
55.0,500,120,158.5597,100.0,1.4,1.1,60.0,65.0,50.0,100.0,1.4,1.1,60.0,60.0,2000.0,100.0,1.4,3.0,90.0,90.0,0.8283,0.7236,54.92,2.45,57.37
60.0,400,0,213.4267,100.0,1.4,1.1,60.0,65.0,50.0,100.0,1.4,1.1,60.0,60.0,2000.0,100.0,1.4,3.0,90.0,90.0,0.8919,0.7067,59.92,0.41,60.33
20.0,500,20,54.2041,100.0,1.4,1.1,60.0,65.0001,50.0,100.0,1.4,1.1,60.0,60.0,2000.0,100.0,1.4,3.0,90.0,90.0,0.2831,0.7444,19.93,0.25,20.17
60.0,400,20,213.6404,100.0,1.4,1.1,60.0,65.0001,50.0,100.0,1.4,1.1,60.0,60.0,2000.0,100.0,1.4,3.0,90.0,90.0,0.8928,0.7103,59.92,0.78,60.7
60.0,400,40,215.7477,100.0,1.4,1.1,60.0001,65.0001,50.0,100.0,1.4,1.1,60.0,60.0,2000.0,100.0,1.4,3.0,90.0,90.0,0.9016,0.7077,59.92,1.16,61.07
60.0,400,60,216.1418,100.0,1.4,1.1,60.0,65.0001,50.0,100.0,1.4,1.1,60.0,60.0,2000.0,100.0,1.4,3.0,90.0,90.0,0.9032,0.7108,59.92,1.53,61.45
60.0,400,80,217.3951,100.0,1.4,1.1,60.0,65.0,50.0,100.0,1.4,1.1,60.0,60.0,2000.0,100.0,1.4,3.0,90.0,90.0,0.9085,0.7111,59.92,1.92,61.84
60.0,400,100,219.0182,100.0,1.4,1.1,60.0,65.0001,50.0,100.0,1.4,1.1,60.0,60.0,2000.0,100.0,1.4,3.0,90.0,90.0,0.9153,0.7104,59.92,2.32,62.24
60.0,400,120,221.5408,100.0,1.4,1.1,60.0,65.0001,50.0,100.0,1.4,1.1,60.0,60.0,2000.0,100.0,1.4,3.0,90.0,90.0,0.9258,0.707,59.92,2.74,62.65
60.0,450,0,187.4078,100.0,1.4,1.1,60.0,65.0001,50.0,100.0,1.4,1.1,60.0,60.0,2000.0,100.0,1.4,3.0,90.0,90.0,0.8811,0.7154,59.92,0.41,60.33
60.0,450,20,188.3624,100.0,1.4,1.1,60.0,65.0001,50.0,100.0,1.4,1.1,60.0,60.0,2000.0,100.0,1.4,3.0,90.0,90.0,0.8855,0.716,59.92,0.77,60.69
60.0,450,40,189.9379,100.0,1.4,1.1,60.0,65.0,50.0,100.0,1.4,1.1,60.0,60.0,2000.0,100.0,1.4,3.0,90.0,90.0,0.8929,0.7144,59.92,1.15,61.06
60.0,450,60,190.3393,100.0,1.4,1.1,60.0,65.0,50.0,100.0,1.4,1.1,60.0,60.0,2000.0,100.0,1.4,3.0,90.0,90.0,0.8948,0.7173,59.92,1.52,61.44
20.0,500,40,54.503,100.0,1.4,1.1,60.0001,65.0001,50.0,100.0,1.4,1.1,60.0,60.0,2000.0,100.0,1.4,3.0,90.0,90.0,0.2847,0.7446,19.93,0.37,20.29
60.0,450,80,192.879,100.0,1.4,1.1,60.0,65.0001,50.0,100.0,1.4,1.1,60.0,60.0,2000.0,100.0,1.4,3.0,90.0,90.0,0.9068,0.7124,59.92,1.92,61.83
60.0,450,100,194.7814,100.0,1.4,1.1,60.0,65.0001,50.0,100.0,1.4,1.1,60.0,60.0,2000.0,100.0,1.4,3.0,90.0,90.0,0.9157,0.7101,59.92,2.32,62.24
60.0,450,120,194.6374,100.0,1.4,1.1,60.0,65.0001,50.0,100.0,1.4,1.1,60.0,60.0,2000.0,100.0,1.4,3.0,90.0,90.0,0.915,0.715,59.92,2.7,62.62
60.0,500,0,167.4281,100.0,1.4,1.1,60.0,65.0001,50.0,100.0,1.4,1.1,60.0,60.0,2000.0,100.0,1.4,3.0,90.0,90.0,0.8746,0.7207,59.92,0.41,60.33
60.0,500,20,168.6102,100.0,1.4,1.1,60.0,65.0,50.0,100.0,1.4,1.1,60.0,60.0,2000.0,100.0,1.4,3.0,90.0,90.0,0.8808,0.7199,59.92,0.77,60.69
60.0,500,40,169.6955,100.0,1.4,1.1,60.0,65.0,50.0,100.0,1.4,1.1,60.0,60.0,2000.0,100.0,1.4,3.0,90.0,90.0,0.8864,0.7196,59.92,1.14,61.06
60.0,500,60,171.7723,100.0,1.4,1.1,60.0,65.0,50.0,100.0,1.4,1.1,60.0,60.0,2000.0,100.0,1.4,3.0,90.0,90.0,0.8973,0.7154,59.92,1.52,61.44
60.0,500,80,171.4822,100.0,1.4,1.1,60.0,65.0,50.0,100.0,1.4,1.1,60.0,60.0,2000.0,100.0,1.4,3.0,90.0,90.0,0.8958,0.7209,59.92,1.89,61.81
60.0,500,100,173.2561,100.0,1.4,1.1,60.0,65.0001,50.0,100.0,1.4,1.1,60.0,60.0,2000.0,100.0,1.4,3.0,90.0,90.0,0.905,0.7182,59.92,2.29,62.21
60.0,500,120,174.4506,100.0,1.4,1.1,60.0,65.0001,50.0,100.0,1.4,1.1,60.0,60.0,2000.0,100.0,1.4,3.0,90.0,90.0,0.9113,0.7178,59.92,2.69,62.61
20.0,500,60,54.6535,100.0,1.4,1.1,60.0,65.0001,50.0,100.0,1.4,1.1,60.0,60.0,2000.0,100.0,1.4,3.0,90.0,90.0,0.2855,0.7469,19.93,0.48,20.41
65.0,400,0,231.6438,100.0,1.4,1.1,60.0001,65.0001,50.0,100.0,1.4,1.1,60.0,60.0,2000.0,100.0,1.4,3.0,90.0,90.0,0.968,0.7055,64.92,0.45,65.37
65.0,400,20,233.4843,100.0,1.4,1.1,60.0,65.0001,50.0,100.0,1.4,1.1,60.0,60.0,2000.0,100.0,1.4,3.0,90.0,90.0,0.9757,0.7042,64.92,0.85,65.77
65.0,400,40,234.197,100.0,1.4,1.1,60.0,65.0,50.0,100.0,1.4,1.1,60.0,60.0,2000.0,100.0,1.4,3.0,90.0,90.0,0.9787,0.7064,64.92,1.26,66.17
65.0,400,60,236.2675,100.0,1.4,1.1,60.0,65.0,50.0,100.0,1.4,1.1,60.0,60.0,2000.0,100.0,1.4,3.0,90.0,90.0,0.9873,0.7046,64.92,1.67,66.59
65.0,400,80,238.4669,100.0,1.4,1.1,60.0,65.0,50.0,100.0,1.4,1.1,60.0,60.0,2000.0,100.0,1.4,3.0,90.0,90.0,0.9965,0.7026,64.92,2.11,67.02
65.0,400,100,238.9802,100.0,1.4,1.1,60.0,65.0,50.0,100.0,1.4,1.1,60.0,60.0,2000.0,100.0,1.4,3.0,90.0,90.0,0.9987,0.7055,64.92,2.53,67.44
65.0,400,120,241.5154,100.0,1.4,1.1,60.0,65.0,50.0,100.0,1.4,1.1,60.0,60.0,2000.0,100.0,1.4,3.0,90.0,90.0,1.0093,0.7028,64.91,2.98,67.9
65.0,450,0,204.4061,100.0,1.4,1.1,60.0,65.0001,50.0,100.0,1.4,1.1,60.0,60.0,2000.0,100.0,1.4,3.0,90.0,90.0,0.961,0.7106,64.92,0.45,65.37
65.0,450,20,205.3397,100.0,1.4,1.1,60.0,65.0001,50.0,100.0,1.4,1.1,60.0,60.0,2000.0,100.0,1.4,3.0,90.0,90.0,0.9654,0.7117,64.92,0.84,65.76
65.0,450,40,205.9017,100.0,1.4,1.1,60.0001,65.0001,50.0,100.0,1.4,1.1,60.0,60.0,2000.0,100.0,1.4,3.0,90.0,90.0,0.968,0.7141,64.92,1.24,66.16
20.0,500,80,54.8955,100.0,1.4,1.1,60.0,65.0,50.0,100.0,1.4,1.1,60.0,60.0,2000.0,100.0,1.4,3.0,90.0,90.0,0.2868,0.7481,19.93,0.61,20.53
20.0,400,0,67.2261,100.0,1.4,1.1,60.0,65.0,50.0,100.0,1.4,1.1,60.0,60.0,2000.0,100.0,1.4,3.0,90.0,90.0,0.2809,0.7459,19.93,0.13,20.06
65.0,450,60,208.3473,100.0,1.4,1.1,60.0,65.0001,50.0,100.0,1.4,1.1,60.0,60.0,2000.0,100.0,1.4,3.0,90.0,90.0,0.9795,0.7101,64.92,1.66,66.58
65.0,450,80,208.8294,100.0,1.4,1.1,60.0001,65.0001,50.0,100.0,1.4,1.1,60.0,60.0,2000.0,100.0,1.4,3.0,90.0,90.0,0.9818,0.7129,64.92,2.07,66.99
65.0,450,100,209.9562,100.0,1.4,1.1,60.0001,65.0001,50.0,100.0,1.4,1.1,60.0,60.0,2000.0,100.0,1.4,3.0,90.0,90.0,0.9871,0.7136,64.92,2.5,67.42
65.0,450,120,211.8432,100.0,1.4,1.1,60.0,65.0,50.0,100.0,1.4,1.1,60.0,60.0,2000.0,100.0,1.4,3.0,90.0,90.0,0.9959,0.7119,64.92,2.94,67.86
65.0,500,0,182.8122,100.0,1.4,1.1,60.0001,65.0001,50.0,100.0,1.4,1.1,60.0,60.0,2000.0,100.0,1.4,3.0,90.0,90.0,0.9549,0.7151,64.92,0.44,65.37
65.0,500,20,183.1104,100.0,1.4,1.1,60.0,65.0001,50.0,100.0,1.4,1.1,60.0,60.0,2000.0,100.0,1.4,3.0,90.0,90.0,0.9565,0.7182,64.92,0.83,65.76
65.0,500,40,186.4749,100.0,1.4,1.1,60.0001,65.0001,50.0,100.0,1.4,1.1,60.0,60.0,2000.0,100.0,1.4,3.0,90.0,90.0,0.9741,0.7097,64.92,1.25,66.17
65.0,500,60,185.3313,100.0,1.4,1.1,60.0,65.0,50.0,100.0,1.4,1.1,60.0,60.0,2000.0,100.0,1.4,3.0,90.0,90.0,0.9681,0.7183,64.92,1.64,66.56
65.0,500,80,187.4034,100.0,1.4,1.1,60.0,65.0001,50.0,100.0,1.4,1.1,60.0,60.0,2000.0,100.0,1.4,3.0,90.0,90.0,0.9789,0.7149,64.92,2.07,66.99
65.0,500,100,188.0578,100.0,1.4,1.1,60.0,65.0,50.0,100.0,1.4,1.1,60.0,60.0,2000.0,100.0,1.4,3.0,90.0,90.0,0.9823,0.7169,64.92,2.49,67.41
20.0,500,100,55.2763,100.0,1.4,1.1,60.0001,65.0001,50.0,100.0,1.4,1.1,60.0,60.0,2000.0,100.0,1.4,3.0,90.0,90.0,0.2887,0.7474,19.93,0.73,20.66
65.0,500,120,189.9787,100.0,1.4,1.1,60.0,65.0001,50.0,100.0,1.4,1.1,60.0,60.0,2000.0,100.0,1.4,3.0,90.0,90.0,0.9924,0.7143,64.92,2.93,67.85
70.0,400,0,252.2135,100.0,1.4,1.1,60.0,65.0,50.0,100.0,1.4,1.1,60.0,60.0,2000.0,100.0,1.4,3.0,90.0,90.0,1.054,0.6979,69.92,0.49,70.41
70.0,400,20,252.4574,100.0,1.4,1.1,60.0,65.0,50.0,100.0,1.4,1.1,60.0,60.0,2000.0,100.0,1.4,3.0,90.0,90.0,1.055,0.7015,69.92,0.92,70.84
70.0,400,40,254.6401,100.0,1.4,1.1,60.0002,65.0002,50.0,100.0,1.4,1.1,60.0,60.0,2000.0,100.0,1.4,3.0,90.0,90.0,1.0641,0.6998,69.92,1.36,71.28
70.0,400,60,256.3804,100.0,1.4,1.1,60.0,65.0,50.0,100.0,1.4,1.1,60.0,60.0,2000.0,100.0,1.4,3.0,90.0,90.0,1.0714,0.6995,69.92,1.82,71.73
70.0,400,80,258.8562,100.0,1.4,1.1,60.0,65.0,50.0,100.0,1.4,1.1,60.0,60.0,2000.0,100.0,1.4,3.0,90.0,90.0,1.0817,0.6973,69.91,2.29,72.2
70.0,400,100,261.2738,100.0,1.4,1.1,60.0,65.0,50.0,100.0,1.4,1.1,60.0,60.0,2000.0,100.0,1.4,3.0,90.0,90.0,1.0918,0.6954,69.91,2.77,72.68
70.0,400,120,263.3367,100.0,1.4,1.1,60.0,65.0001,50.0,100.0,1.4,1.1,60.0,60.0,2000.0,100.0,1.4,3.0,90.0,90.0,1.1005,0.6946,69.91,3.25,73.16
70.0,450,0,220.257,100.0,1.4,1.1,60.0001,65.0002,50.0,100.0,1.4,1.1,60.0,60.0,2000.0,100.0,1.4,3.0,90.0,90.0,1.0355,0.7103,69.92,0.48,70.4
70.0,450,20,223.6678,100.0,1.4,1.1,60.0,65.0,50.0,100.0,1.4,1.1,60.0,60.0,2000.0,100.0,1.4,3.0,90.0,90.0,1.0515,0.7038,69.92,0.92,70.83
20.0,500,120,55.7891,100.0,1.4,1.1,60.0001,65.0002,50.0,100.0,1.4,1.1,60.0,60.0,2000.0,100.0,1.4,3.0,90.0,90.0,0.2914,0.7452,19.93,0.86,20.79
70.0,450,40,223.0143,100.0,1.4,1.1,60.0,65.0,50.0,100.0,1.4,1.1,60.0,60.0,2000.0,100.0,1.4,3.0,90.0,90.0,1.0484,0.7101,69.92,1.34,71.26
70.0,450,60,225.3154,100.0,1.4,1.1,60.0,65.0001,50.0,100.0,1.4,1.1,60.0,60.0,2000.0,100.0,1.4,3.0,90.0,90.0,1.0593,0.7073,69.92,1.8,71.72
70.0,450,80,227.8003,100.0,1.4,1.1,60.0001,65.0001,50.0,100.0,1.4,1.1,60.0,60.0,2000.0,100.0,1.4,3.0,90.0,90.0,1.0709,0.7041,69.92,2.26,72.18
70.0,450,100,227.6743,100.0,1.4,1.1,60.0,65.0001,50.0,100.0,1.4,1.1,60.0,60.0,2000.0,100.0,1.4,3.0,90.0,90.0,1.0704,0.7089,69.92,2.71,72.63
70.0,450,120,231.2753,100.0,1.4,1.1,60.0,65.0,50.0,100.0,1.4,1.1,60.0,60.0,2000.0,100.0,1.4,3.0,90.0,90.0,1.0873,0.7027,69.91,3.21,73.13
70.0,500,0,197.4951,100.0,1.4,1.1,60.0001,65.0001,50.0,100.0,1.4,1.1,60.0,60.0,2000.0,100.0,1.4,3.0,90.0,90.0,1.0316,0.7129,69.92,0.48,70.4
70.0,500,20,199.6179,100.0,1.4,1.1,60.0001,65.0001,50.0,100.0,1.4,1.1,60.0,60.0,2000.0,100.0,1.4,3.0,90.0,90.0,1.0427,0.7097,69.92,0.91,70.83
70.0,500,40,200.999,100.0,1.4,1.1,60.0,65.0001,50.0,100.0,1.4,1.1,60.0,60.0,2000.0,100.0,1.4,3.0,90.0,90.0,1.0499,0.7091,69.92,1.35,71.27
70.0,500,60,200.1628,100.0,1.4,1.1,60.0,65.0,50.0,100.0,1.4,1.1,60.0,60.0,2000.0,100.0,1.4,3.0,90.0,90.0,1.0456,0.7164,69.92,1.77,71.69
70.0,500,80,202.1198,100.0,1.4,1.1,60.0,65.0,50.0,100.0,1.4,1.1,60.0,60.0,2000.0,100.0,1.4,3.0,90.0,90.0,1.0558,0.7139,69.92,2.23,72.15
25.0,400,0,84.5136,100.0,1.4,1.1,60.0,65.0001,50.0,100.0,1.4,1.1,60.0,60.0,2000.0,100.0,1.4,3.0,90.0,90.0,0.3532,0.7422,24.93,0.16,25.09
70.0,500,100,204.0233,100.0,1.4,1.1,60.0,65.0,50.0,100.0,1.4,1.1,60.0,60.0,2000.0,100.0,1.4,3.0,90.0,90.0,1.0657,0.7118,69.92,2.7,72.62
70.0,500,120,203.6189,100.0,1.4,1.1,60.0,65.0001,50.0,100.0,1.4,1.1,60.0,60.0,2000.0,100.0,1.4,3.0,90.0,90.0,1.0636,0.7176,69.92,3.14,73.06
75.0,400,0,270.6335,100.0,1.4,1.1,60.0,65.0,50.0,100.0,1.4,1.1,60.0,60.0,2000.0,100.0,1.4,3.0,90.0,90.0,1.1309,0.6969,74.92,0.52,75.44
75.0,400,20,272.408,100.0,1.4,1.1,60.0,65.0,50.0,100.0,1.4,1.1,60.0,60.0,2000.0,100.0,1.4,3.0,90.0,90.0,1.1384,0.6966,74.92,0.99,75.91
75.0,400,40,276.136,100.0,1.4,1.1,60.0001,65.0001,50.0,100.0,1.4,1.1,60.0,60.0,2000.0,100.0,1.4,3.0,90.0,90.0,1.1539,0.6916,74.91,1.48,76.39
75.0,400,60,275.1244,100.0,1.4,1.1,60.0,65.0,50.0,100.0,1.4,1.1,60.0,60.0,2000.0,100.0,1.4,3.0,90.0,90.0,1.1497,0.6985,74.91,1.95,76.86
75.0,400,80,281.3371,100.0,1.4,1.1,60.0,65.0001,50.0,100.0,1.4,1.1,60.0,60.0,2000.0,100.0,1.4,3.0,90.0,90.0,1.1757,0.6878,74.91,2.48,77.4
75.0,400,100,279.0204,100.0,1.4,1.1,60.0001,65.0001,50.0,100.0,1.4,1.1,60.0,60.0,2000.0,100.0,1.4,3.0,90.0,90.0,1.166,0.6977,74.91,2.95,77.87
75.0,400,120,282.8965,100.0,1.4,1.1,60.0,65.0001,50.0,100.0,1.4,1.1,60.0,60.0,2000.0,100.0,1.4,3.0,90.0,90.0,1.1822,0.6929,74.91,3.49,78.4
75.0,450,0,238.3165,100.0,1.4,1.1,60.0,65.0,50.0,100.0,1.4,1.1,60.0,60.0,2000.0,100.0,1.4,3.0,90.0,90.0,1.1204,0.7034,74.92,0.52,75.44
25.0,400,20,85.0305,100.0,1.4,1.1,60.0,65.0,50.0,100.0,1.4,1.1,60.0,60.0,2000.0,100.0,1.4,3.0,90.0,90.0,0.3553,0.742,24.93,0.31,25.24
75.0,450,20,238.6314,100.0,1.4,1.1,60.0,65.0001,50.0,100.0,1.4,1.1,60.0,60.0,2000.0,100.0,1.4,3.0,90.0,90.0,1.1219,0.7068,74.92,0.98,75.9
75.0,450,40,241.9008,100.0,1.4,1.1,60.0,65.0,50.0,100.0,1.4,1.1,60.0,60.0,2000.0,100.0,1.4,3.0,90.0,90.0,1.1372,0.7016,74.92,1.46,76.38
75.0,450,60,242.7609,100.0,1.4,1.1,60.0,65.0001,50.0,100.0,1.4,1.1,60.0,60.0,2000.0,100.0,1.4,3.0,90.0,90.0,1.1413,0.7035,74.92,1.94,76.85
75.0,450,80,245.305,100.0,1.4,1.1,60.0,65.0001,50.0,100.0,1.4,1.1,60.0,60.0,2000.0,100.0,1.4,3.0,90.0,90.0,1.1532,0.7007,74.91,2.44,77.35
75.0,450,100,246.8969,100.0,1.4,1.1,60.0,65.0002,50.0,100.0,1.4,1.1,60.0,60.0,2000.0,100.0,1.4,3.0,90.0,90.0,1.1607,0.7007,74.91,2.94,77.85
75.0,450,120,247.637,100.0,1.4,1.1,60.0,65.0,50.0,100.0,1.4,1.1,60.0,60.0,2000.0,100.0,1.4,3.0,90.0,90.0,1.1642,0.7031,74.91,3.44,78.36
75.0,500,0,213.1432,100.0,1.4,1.1,60.0001,65.0002,50.0,100.0,1.4,1.1,60.0,60.0,2000.0,100.0,1.4,3.0,90.0,90.0,1.1134,0.7078,74.92,0.52,75.44
75.0,500,20,213.6973,100.0,1.4,1.1,60.0,65.0001,50.0,100.0,1.4,1.1,60.0,60.0,2000.0,100.0,1.4,3.0,90.0,90.0,1.1163,0.7103,74.92,0.97,75.89
75.0,500,40,215.6994,100.0,1.4,1.1,60.0,65.0,50.0,100.0,1.4,1.1,60.0,60.0,2000.0,100.0,1.4,3.0,90.0,90.0,1.1267,0.7081,74.92,1.45,76.36
75.0,500,60,217.0729,100.0,1.4,1.1,60.0,65.0001,50.0,100.0,1.4,1.1,60.0,60.0,2000.0,100.0,1.4,3.0,90.0,90.0,1.1339,0.708,74.92,1.92,76.84
25.0,400,40,85.9391,100.0,1.4,1.1,60.0001,65.0001,50.0,100.0,1.4,1.1,60.0,60.0,2000.0,100.0,1.4,3.0,90.0,90.0,0.3591,0.7385,24.93,0.46,25.39
75.0,500,80,219.1715,100.0,1.4,1.1,60.0,65.0001,50.0,100.0,1.4,1.1,60.0,60.0,2000.0,100.0,1.4,3.0,90.0,90.0,1.1449,0.7057,74.92,2.42,77.34
75.0,500,100,219.3763,100.0,1.4,1.1,60.0,65.0001,50.0,100.0,1.4,1.1,60.0,60.0,2000.0,100.0,1.4,3.0,90.0,90.0,1.1459,0.7095,74.92,2.9,77.82
75.0,500,120,221.0102,100.0,1.4,1.1,60.0001,65.0001,50.0,100.0,1.4,1.1,60.0,60.0,2000.0,100.0,1.4,3.0,90.0,90.0,1.1545,0.7088,74.91,3.41,78.33
80.0,400,0,291.4823,100.0,1.4,1.1,60.0,65.0,50.0,100.0,1.4,1.1,60.0,60.0,2000.0,100.0,1.4,3.0,90.0,90.0,1.2181,0.6903,79.91,0.57,80.48
80.0,400,20,296.556,100.0,1.4,1.1,60.0,65.0001,50.0,100.0,1.4,1.1,60.0,60.0,2000.0,100.0,1.4,3.0,90.0,90.0,1.2393,0.6828,79.91,1.08,80.99
80.0,400,40,296.0106,100.0,1.4,1.1,60.0,65.0001,50.0,100.0,1.4,1.1,60.0,60.0,2000.0,100.0,1.4,3.0,90.0,90.0,1.237,0.6883,79.91,1.59,81.5
80.0,400,60,297.201,100.0,1.4,1.1,60.0,65.0,50.0,100.0,1.4,1.1,60.0,60.0,2000.0,100.0,1.4,3.0,90.0,90.0,1.242,0.6899,79.91,2.11,82.02
80.0,400,80,300.5052,100.0,1.4,1.1,60.0,65.0,50.0,100.0,1.4,1.1,60.0,60.0,2000.0,100.0,1.4,3.0,90.0,90.0,1.2558,0.6869,79.91,2.65,82.56
80.0,400,100,301.4515,100.0,1.4,1.1,60.0,65.0001,50.0,100.0,1.4,1.1,60.0,60.0,2000.0,100.0,1.4,3.0,90.0,90.0,1.2597,0.6892,79.91,3.19,83.1
80.0,400,120,305.4328,100.0,1.4,1.1,60.0,65.0001,50.0,100.0,1.4,1.1,60.0,60.0,2000.0,100.0,1.4,3.0,90.0,90.0,1.2764,0.6849,79.91,3.77,83.68
25.0,400,60,87.0657,100.0,1.4,1.1,60.0,65.0,50.0,100.0,1.4,1.1,60.0,60.0,2000.0,100.0,1.4,3.0,90.0,90.0,0.3638,0.7334,24.92,0.62,25.54
80.0,450,0,257.8956,100.0,1.4,1.1,60.0,65.0001,50.0,100.0,1.4,1.1,60.0,60.0,2000.0,100.0,1.4,3.0,90.0,90.0,1.2124,0.6935,79.92,0.56,80.48
80.0,450,20,258.4935,100.0,1.4,1.1,60.0,65.0,50.0,100.0,1.4,1.1,60.0,60.0,2000.0,100.0,1.4,3.0,90.0,90.0,1.2152,0.6961,79.92,1.06,80.98
80.0,450,40,259.5199,100.0,1.4,1.1,60.0,65.0,50.0,100.0,1.4,1.1,60.0,60.0,2000.0,100.0,1.4,3.0,90.0,90.0,1.2201,0.6977,79.92,1.56,81.48
80.0,450,60,261.3908,100.0,1.4,1.1,60.0,65.0001,50.0,100.0,1.4,1.1,60.0,60.0,2000.0,100.0,1.4,3.0,90.0,90.0,1.2289,0.6971,79.91,2.08,82.0
80.0,450,80,262.3236,100.0,1.4,1.1,60.0,65.0001,50.0,100.0,1.4,1.1,60.0,60.0,2000.0,100.0,1.4,3.0,90.0,90.0,1.2332,0.6991,79.91,2.61,82.52
80.0,450,100,264.0193,100.0,1.4,1.1,60.0,65.0,50.0,100.0,1.4,1.1,60.0,60.0,2000.0,100.0,1.4,3.0,90.0,90.0,1.2412,0.6991,79.91,3.14,83.06
80.0,450,120,266.7411,100.0,1.4,1.1,60.0,65.0002,50.0,100.0,1.4,1.1,60.0,60.0,2000.0,100.0,1.4,3.0,90.0,90.0,1.254,0.6966,79.91,3.71,83.62
80.0,500,0,228.083,100.0,1.4,1.1,60.0001,65.0001,50.0,100.0,1.4,1.1,60.0,60.0,2000.0,100.0,1.4,3.0,90.0,90.0,1.1914,0.7056,79.92,0.55,80.47
80.0,500,20,229.8749,100.0,1.4,1.1,60.0,65.0,50.0,100.0,1.4,1.1,60.0,60.0,2000.0,100.0,1.4,3.0,90.0,90.0,1.2008,0.7044,79.92,1.05,80.97
80.0,500,40,231.602,100.0,1.4,1.1,60.0,65.0,50.0,100.0,1.4,1.1,60.0,60.0,2000.0,100.0,1.4,3.0,90.0,90.0,1.2098,0.7035,79.92,1.55,81.47
25.0,400,80,86.6524,100.0,1.4,1.1,60.0,65.0,50.0,100.0,1.4,1.1,60.0,60.0,2000.0,100.0,1.4,3.0,90.0,90.0,0.3621,0.7412,24.93,0.77,25.69
80.0,500,60,232.9977,100.0,1.4,1.1,60.0001,65.0001,50.0,100.0,1.4,1.1,60.0,60.0,2000.0,100.0,1.4,3.0,90.0,90.0,1.2171,0.7037,79.92,2.06,81.98
80.0,500,80,235.4325,100.0,1.4,1.1,60.0001,65.0001,50.0,100.0,1.4,1.1,60.0,60.0,2000.0,100.0,1.4,3.0,90.0,90.0,1.2298,0.701,79.92,2.6,82.51
80.0,500,100,235.5081,100.0,1.4,1.1,60.0001,65.0001,50.0,100.0,1.4,1.1,60.0,60.0,2000.0,100.0,1.4,3.0,90.0,90.0,1.2302,0.7051,79.92,3.12,83.03
80.0,500,120,237.0787,100.0,1.4,1.1,60.0,65.0,50.0,100.0,1.4,1.1,60.0,60.0,2000.0,100.0,1.4,3.0,90.0,90.0,1.2384,0.705,79.92,3.66,83.58
85.0,400,0,312.0422,100.0,1.4,1.1,60.0,65.0001,50.0,100.0,1.4,1.1,60.0,60.0,2000.0,100.0,1.4,3.0,90.0,90.0,1.304,0.6852,84.91,0.6,85.52
85.0,400,20,313.0235,100.0,1.4,1.1,60.0001,65.0001,50.0,100.0,1.4,1.1,60.0,60.0,2000.0,100.0,1.4,3.0,90.0,90.0,1.3081,0.6873,84.91,1.14,86.05
85.0,400,40,317.2929,100.0,1.4,1.1,60.0001,65.0002,50.0,100.0,1.4,1.1,60.0,60.0,2000.0,100.0,1.4,3.0,90.0,90.0,1.3259,0.6824,84.91,1.7,86.61
85.0,400,60,315.6276,100.0,1.4,1.1,60.0001,65.0001,50.0,100.0,1.4,1.1,60.0,60.0,2000.0,100.0,1.4,3.0,90.0,90.0,1.319,0.6903,84.91,2.24,87.15
85.0,400,80,320.6037,100.0,1.4,1.1,60.0,65.0,50.0,100.0,1.4,1.1,60.0,60.0,2000.0,100.0,1.4,3.0,90.0,90.0,1.3398,0.6842,84.91,2.83,87.74
85.0,400,100,323.5631,100.0,1.4,1.1,60.0,65.0,50.0,100.0,1.4,1.1,60.0,60.0,2000.0,100.0,1.4,3.0,90.0,90.0,1.3521,0.6825,84.91,3.42,88.33
25.0,400,100,87.0178,100.0,1.4,1.1,60.0,65.0,50.0,100.0,1.4,1.1,60.0,60.0,2000.0,100.0,1.4,3.0,90.0,90.0,0.3636,0.7425,24.92,0.92,25.85
85.0,400,120,327.0174,100.0,1.4,1.1,60.0,65.0,50.0,100.0,1.4,1.1,60.0,60.0,2000.0,100.0,1.4,3.0,90.0,90.0,1.3666,0.68,84.91,4.04,88.95
85.0,450,0,273.0381,100.0,1.4,1.1,60.0,65.0,50.0,100.0,1.4,1.1,60.0,60.0,2000.0,100.0,1.4,3.0,90.0,90.0,1.2836,0.696,84.92,0.6,85.51
85.0,450,20,275.3275,100.0,1.4,1.1,60.0,65.0001,50.0,100.0,1.4,1.1,60.0,60.0,2000.0,100.0,1.4,3.0,90.0,90.0,1.2944,0.6945,84.92,1.13,86.04
85.0,450,40,277.2658,100.0,1.4,1.1,60.0,65.0001,50.0,100.0,1.4,1.1,60.0,60.0,2000.0,100.0,1.4,3.0,90.0,90.0,1.3035,0.694,84.91,1.67,86.59
85.0,450,60,280.1505,100.0,1.4,1.1,60.0001,65.0001,50.0,100.0,1.4,1.1,60.0,60.0,2000.0,100.0,1.4,3.0,90.0,90.0,1.3171,0.6913,84.91,2.23,87.15
85.0,450,80,281.7746,100.0,1.4,1.1,60.0,65.0,50.0,100.0,1.4,1.1,60.0,60.0,2000.0,100.0,1.4,3.0,90.0,90.0,1.3247,0.6917,84.91,2.8,87.71
85.0,450,100,284.3283,100.0,1.4,1.1,60.0,65.0001,50.0,100.0,1.4,1.1,60.0,60.0,2000.0,100.0,1.4,3.0,90.0,90.0,1.3367,0.6901,84.91,3.39,88.3
85.0,450,120,285.2103,100.0,1.4,1.1,60.0,65.0001,50.0,100.0,1.4,1.1,60.0,60.0,2000.0,100.0,1.4,3.0,90.0,90.0,1.3408,0.6925,84.91,3.96,88.87
85.0,500,0,243.6934,100.0,1.4,1.1,60.0,65.0001,50.0,100.0,1.4,1.1,60.0,60.0,2000.0,100.0,1.4,3.0,90.0,90.0,1.273,0.7018,84.92,0.59,85.51
85.0,500,20,246.2554,100.0,1.4,1.1,60.0,65.0,50.0,100.0,1.4,1.1,60.0,60.0,2000.0,100.0,1.4,3.0,90.0,90.0,1.2863,0.6988,84.92,1.12,86.04
25.0,400,120,88.1006,100.0,1.4,1.1,60.0,65.0001,50.0,100.0,1.4,1.1,60.0,60.0,2000.0,100.0,1.4,3.0,90.0,90.0,0.3682,0.7381,24.92,1.09,26.01
85.0,500,40,247.108,100.0,1.4,1.1,60.0,65.0,50.0,100.0,1.4,1.1,60.0,60.0,2000.0,100.0,1.4,3.0,90.0,90.0,1.2908,0.7007,84.92,1.66,86.57
85.0,500,60,247.3681,100.0,1.4,1.1,60.0,65.0001,50.0,100.0,1.4,1.1,60.0,60.0,2000.0,100.0,1.4,3.0,90.0,90.0,1.2922,0.7043,84.92,2.19,87.11
85.0,500,80,250.2854,100.0,1.4,1.1,60.0,65.0,50.0,100.0,1.4,1.1,60.0,60.0,2000.0,100.0,1.4,3.0,90.0,90.0,1.3074,0.7006,84.91,2.76,87.68
85.0,500,100,252.8934,100.0,1.4,1.1,60.0,65.0,50.0,100.0,1.4,1.1,60.0,60.0,2000.0,100.0,1.4,3.0,90.0,90.0,1.321,0.698,84.91,3.35,88.26
85.0,500,120,252.8667,100.0,1.4,1.1,60.0001,65.0001,50.0,100.0,1.4,1.1,60.0,60.0,2000.0,100.0,1.4,3.0,90.0,90.0,1.3209,0.7025,84.91,3.9,88.82
90.0,400,0,333.7001,100.0,1.4,1.1,60.0,65.0,50.0,100.0,1.4,1.1,60.0,60.0,2000.0,100.0,1.4,3.0,90.0,90.0,1.3945,0.6784,89.91,0.65,90.56
90.0,400,20,338.1424,100.0,1.4,1.1,60.0001,65.0002,50.0,100.0,1.4,1.1,60.0,60.0,2000.0,100.0,1.4,3.0,90.0,90.0,1.4131,0.6738,89.91,1.23,91.14
90.0,400,40,337.706,100.0,1.4,1.1,60.0,65.0001,50.0,100.0,1.4,1.1,60.0,60.0,2000.0,100.0,1.4,3.0,90.0,90.0,1.4112,0.679,89.91,1.81,91.72
90.0,400,60,343.0811,100.0,1.4,1.1,60.0001,65.0001,50.0,100.0,1.4,1.1,60.0,60.0,2000.0,100.0,1.4,3.0,90.0,90.0,1.4337,0.6729,89.91,2.43,92.34
90.0,400,80,343.7098,100.0,1.4,1.1,60.0,65.0001,50.0,100.0,1.4,1.1,60.0,60.0,2000.0,100.0,1.4,3.0,90.0,90.0,1.4363,0.676,89.91,3.03,92.94
25.0,450,0,75.2525,100.0,1.4,1.1,60.0,65.0,50.0,100.0,1.4,1.1,60.0,60.0,2000.0,100.0,1.4,3.0,90.0,90.0,0.3538,0.741,24.93,0.16,25.09
20.0,400,20,67.9129,100.0,1.4,1.1,60.0,65.0,50.0,100.0,1.4,1.1,60.0,60.0,2000.0,100.0,1.4,3.0,90.0,90.0,0.2838,0.7427,19.93,0.25,20.17
90.0,400,100,341.5136,100.0,1.4,1.1,60.0,65.0001,50.0,100.0,1.4,1.1,60.0,60.0,2000.0,100.0,1.4,3.0,90.0,90.0,1.4271,0.6846,89.91,3.61,93.52
90.0,400,120,348.6842,100.0,1.4,1.1,60.0,65.0,50.0,100.0,1.4,1.1,60.0,60.0,2000.0,100.0,1.4,3.0,90.0,90.0,1.4571,0.6755,89.91,4.31,94.21
90.0,450,0,290.3332,100.0,1.4,1.1,60.0,65.0,50.0,100.0,1.4,1.1,60.0,60.0,2000.0,100.0,1.4,3.0,90.0,90.0,1.3649,0.6931,89.92,0.63,90.55
90.0,450,20,294.4513,100.0,1.4,1.1,60.0,65.0001,50.0,100.0,1.4,1.1,60.0,60.0,2000.0,100.0,1.4,3.0,90.0,90.0,1.3843,0.6877,89.91,1.21,91.12
90.0,450,40,295.487,100.0,1.4,1.1,60.0,65.0,50.0,100.0,1.4,1.1,60.0,60.0,2000.0,100.0,1.4,3.0,90.0,90.0,1.3892,0.6896,89.91,1.78,91.69
90.0,450,60,300.2097,100.0,1.4,1.1,60.0,65.0001,50.0,100.0,1.4,1.1,60.0,60.0,2000.0,100.0,1.4,3.0,90.0,90.0,1.4114,0.6833,89.91,2.39,92.3
90.0,450,80,300.0898,100.0,1.4,1.1,60.0,65.0,50.0,100.0,1.4,1.1,60.0,60.0,2000.0,100.0,1.4,3.0,90.0,90.0,1.4108,0.6879,89.91,2.98,92.89
90.0,450,100,302.9861,100.0,1.4,1.1,60.0001,65.0002,50.0,100.0,1.4,1.1,60.0,60.0,2000.0,100.0,1.4,3.0,90.0,90.0,1.4244,0.6859,89.91,3.61,93.52
90.0,450,120,307.266,100.0,1.4,1.1,60.0,65.0,50.0,100.0,1.4,1.1,60.0,60.0,2000.0,100.0,1.4,3.0,90.0,90.0,1.4445,0.6811,89.91,4.27,94.18
90.0,500,0,259.4443,100.0,1.4,1.1,60.0,65.0,50.0,100.0,1.4,1.1,60.0,60.0,2000.0,100.0,1.4,3.0,90.0,90.0,1.3552,0.698,89.92,0.63,90.55
25.0,450,20,75.5001,100.0,1.4,1.1,60.0003,65.0003,50.0,100.0,1.4,1.1,60.0,60.0,2000.0,100.0,1.4,3.0,90.0,90.0,0.3549,0.7428,24.93,0.31,25.24
90.0,500,20,262.2588,100.0,1.4,1.1,60.0,65.0001,50.0,100.0,1.4,1.1,60.0,60.0,2000.0,100.0,1.4,3.0,90.0,90.0,1.3699,0.6948,89.92,1.19,91.11
90.0,500,40,263.4897,100.0,1.4,1.1,60.0,65.0001,50.0,100.0,1.4,1.1,60.0,60.0,2000.0,100.0,1.4,3.0,90.0,90.0,1.3764,0.6959,89.92,1.77,91.68
90.0,500,60,264.8694,100.0,1.4,1.1,60.0,65.0,50.0,100.0,1.4,1.1,60.0,60.0,2000.0,100.0,1.4,3.0,90.0,90.0,1.3836,0.6967,89.91,2.35,92.26
90.0,500,80,266.6841,100.0,1.4,1.1,60.0,65.0001,50.0,100.0,1.4,1.1,60.0,60.0,2000.0,100.0,1.4,3.0,90.0,90.0,1.3931,0.6964,89.91,2.94,92.86
90.0,500,100,267.6955,100.0,1.4,1.1,60.0,65.0,50.0,100.0,1.4,1.1,60.0,60.0,2000.0,100.0,1.4,3.0,90.0,90.0,1.3983,0.6982,89.91,3.54,93.46
90.0,500,120,271.2431,100.0,1.4,1.1,60.0,65.0001,50.0,100.0,1.4,1.1,60.0,60.0,2000.0,100.0,1.4,3.0,90.0,90.0,1.4169,0.6939,89.91,4.19,94.1
95.0,400,0,354.4643,100.0,1.4,1.1,60.0,65.0,50.0,100.0,1.4,1.1,60.0,60.0,2000.0,100.0,1.4,3.0,90.0,90.0,1.4813,0.6742,94.91,0.69,95.6
95.0,400,20,358.9785,100.0,1.4,1.1,60.0,65.0001,50.0,100.0,1.4,1.1,60.0,60.0,2000.0,100.0,1.4,3.0,90.0,90.0,1.5001,0.6701,94.91,1.31,96.22
95.0,400,40,359.1347,100.0,1.4,1.1,60.0001,65.0001,50.0,100.0,1.4,1.1,60.0,60.0,2000.0,100.0,1.4,3.0,90.0,90.0,1.5008,0.6741,94.91,1.93,96.83
95.0,400,60,363.8907,100.0,1.4,1.1,60.0,65.0,50.0,100.0,1.4,1.1,60.0,60.0,2000.0,100.0,1.4,3.0,90.0,90.0,1.5207,0.6697,94.91,2.58,97.49
25.0,450,40,75.8072,100.0,1.4,1.1,60.0,65.0,50.0,100.0,1.4,1.1,60.0,60.0,2000.0,100.0,1.4,3.0,90.0,90.0,0.3564,0.7441,24.93,0.46,25.38
95.0,400,80,367.1426,100.0,1.4,1.1,60.0,65.0,50.0,100.0,1.4,1.1,60.0,60.0,2000.0,100.0,1.4,3.0,90.0,90.0,1.5342,0.6683,94.91,3.24,98.15
95.0,400,100,368.9976,100.0,1.4,1.1,60.0001,65.0001,50.0,100.0,1.4,1.1,60.0,60.0,2000.0,100.0,1.4,3.0,90.0,90.0,1.542,0.6695,94.9,3.91,98.81
95.0,400,120,372.3455,100.0,1.4,1.1,60.0,65.0,50.0,100.0,1.4,1.1,60.0,60.0,2000.0,100.0,1.4,3.0,90.0,90.0,1.556,0.6681,94.9,4.6,99.5
95.0,450,0,312.1323,100.0,1.4,1.1,60.0,65.0,50.0,100.0,1.4,1.1,60.0,60.0,2000.0,100.0,1.4,3.0,90.0,90.0,1.4674,0.6806,94.91,0.68,95.59
95.0,450,20,312.0464,100.0,1.4,1.1,60.0,65.0,50.0,100.0,1.4,1.1,60.0,60.0,2000.0,100.0,1.4,3.0,90.0,90.0,1.467,0.685,94.91,1.28,96.19
95.0,450,40,313.3068,100.0,1.4,1.1,60.0,65.0001,50.0,100.0,1.4,1.1,60.0,60.0,2000.0,100.0,1.4,3.0,90.0,90.0,1.4729,0.6866,94.91,1.89,96.8
95.0,450,60,318.1462,100.0,1.4,1.1,60.0,65.0001,50.0,100.0,1.4,1.1,60.0,60.0,2000.0,100.0,1.4,3.0,90.0,90.0,1.4957,0.6807,94.91,2.54,97.45
95.0,450,80,317.5587,100.0,1.4,1.1,60.0,65.0001,50.0,100.0,1.4,1.1,60.0,60.0,2000.0,100.0,1.4,3.0,90.0,90.0,1.4929,0.6862,94.91,3.15,98.07
95.0,450,100,322.2086,100.0,1.4,1.1,60.0,65.0001,50.0,100.0,1.4,1.1,60.0,60.0,2000.0,100.0,1.4,3.0,90.0,90.0,1.5148,0.681,94.91,3.84,98.75
95.0,450,120,323.7477,100.0,1.4,1.1,60.0,65.0,50.0,100.0,1.4,1.1,60.0,60.0,2000.0,100.0,1.4,3.0,90.0,90.0,1.522,0.6823,94.91,4.5,99.41
25.0,450,60,76.8713,100.0,1.4,1.1,60.0,65.0001,50.0,100.0,1.4,1.1,60.0,60.0,2000.0,100.0,1.4,3.0,90.0,90.0,0.3614,0.7383,24.93,0.61,25.54
95.0,500,0,274.8605,100.0,1.4,1.1,60.0,65.0,50.0,100.0,1.4,1.1,60.0,60.0,2000.0,100.0,1.4,3.0,90.0,90.0,1.4358,0.6955,94.92,0.67,95.58
95.0,500,20,278.7853,100.0,1.4,1.1,60.0,65.0,50.0,100.0,1.4,1.1,60.0,60.0,2000.0,100.0,1.4,3.0,90.0,90.0,1.4563,0.69,94.91,1.27,96.18
95.0,500,40,279.6045,100.0,1.4,1.1,60.0,65.0,50.0,100.0,1.4,1.1,60.0,60.0,2000.0,100.0,1.4,3.0,90.0,90.0,1.4605,0.6923,94.91,1.87,96.79
95.0,500,60,282.7116,100.0,1.4,1.1,60.0,65.0,50.0,100.0,1.4,1.1,60.0,60.0,2000.0,100.0,1.4,3.0,90.0,90.0,1.4768,0.6892,94.91,2.51,97.42
95.0,500,80,284.2529,100.0,1.4,1.1,60.0001,65.0001,50.0,100.0,1.4,1.1,60.0,60.0,2000.0,100.0,1.4,3.0,90.0,90.0,1.4848,0.6899,94.91,3.14,98.05
95.0,500,100,285.3099,100.0,1.4,1.1,60.0,65.0,50.0,100.0,1.4,1.1,60.0,60.0,2000.0,100.0,1.4,3.0,90.0,90.0,1.4903,0.6918,94.91,3.77,98.69
95.0,500,120,287.2318,100.0,1.4,1.1,60.0,65.0001,50.0,100.0,1.4,1.1,60.0,60.0,2000.0,100.0,1.4,3.0,90.0,90.0,1.5004,0.6918,94.91,4.44,99.35
100.0,400,0,377.8492,100.0,1.4,1.1,60.0,65.0001,50.0,100.0,1.4,1.1,60.0,60.0,2000.0,100.0,1.4,3.0,90.0,90.0,1.579,0.6659,99.91,0.73,100.64
100.0,400,20,381.4622,100.0,1.4,1.1,60.0,65.0001,50.0,100.0,1.4,1.1,60.0,60.0,2000.0,100.0,1.4,3.0,90.0,90.0,1.5941,0.6639,99.9,1.39,101.29
100.0,400,40,383.3008,100.0,1.4,1.1,60.0001,65.0001,50.0,100.0,1.4,1.1,60.0,60.0,2000.0,100.0,1.4,3.0,90.0,90.0,1.6018,0.665,99.91,2.05,101.96
25.0,450,80,77.4433,100.0,1.4,1.1,60.0,65.0001,50.0,100.0,1.4,1.1,60.0,60.0,2000.0,100.0,1.4,3.0,90.0,90.0,0.3641,0.7373,24.93,0.77,25.69
100.0,400,60,386.393,100.0,1.4,1.1,60.0,65.0,50.0,100.0,1.4,1.1,60.0,60.0,2000.0,100.0,1.4,3.0,90.0,90.0,1.6147,0.6641,99.91,2.74,102.64
100.0,400,80,384.7549,100.0,1.4,1.1,60.0001,65.0001,50.0,100.0,1.4,1.1,60.0,60.0,2000.0,100.0,1.4,3.0,90.0,90.0,1.6078,0.6712,99.91,3.4,103.3
100.0,400,100,391.6331,100.0,1.4,1.1,60.0,65.0001,50.0,100.0,1.4,1.1,60.0,60.0,2000.0,100.0,1.4,3.0,90.0,90.0,1.6366,0.6642,99.9,4.15,104.05
100.0,400,120,397.6425,100.0,1.4,1.1,60.0,65.0,50.0,100.0,1.4,1.1,60.0,60.0,2000.0,100.0,1.4,3.0,90.0,90.0,1.6617,0.659,99.9,4.91,104.81
100.0,450,0,329.513,100.0,1.4,1.1,60.0,65.0001,50.0,100.0,1.4,1.1,60.0,60.0,2000.0,100.0,1.4,3.0,90.0,90.0,1.5491,0.6787,99.91,0.72,100.63
100.0,450,20,331.7819,100.0,1.4,1.1,60.0,65.0001,50.0,100.0,1.4,1.1,60.0,60.0,2000.0,100.0,1.4,3.0,90.0,90.0,1.5598,0.6783,99.91,1.36,101.27
100.0,450,40,332.9745,100.0,1.4,1.1,60.0,65.0,50.0,100.0,1.4,1.1,60.0,60.0,2000.0,100.0,1.4,3.0,90.0,90.0,1.5654,0.6802,99.91,2.01,101.92
100.0,450,60,336.4903,100.0,1.4,1.1,60.0,65.0,50.0,100.0,1.4,1.1,60.0,60.0,2000.0,100.0,1.4,3.0,90.0,90.0,1.5819,0.6775,99.91,2.68,102.59
100.0,450,80,339.2893,100.0,1.4,1.1,60.0,65.0001,50.0,100.0,1.4,1.1,60.0,60.0,2000.0,100.0,1.4,3.0,90.0,90.0,1.5951,0.6764,99.91,3.37,103.28
100.0,450,100,341.4179,100.0,1.4,1.1,60.0001,65.0001,50.0,100.0,1.4,1.1,60.0,60.0,2000.0,100.0,1.4,3.0,90.0,90.0,1.6051,0.6767,99.91,4.07,103.97
25.0,450,100,77.5481,100.0,1.4,1.1,60.0,65.0,50.0,100.0,1.4,1.1,60.0,60.0,2000.0,100.0,1.4,3.0,90.0,90.0,0.3646,0.7407,24.93,0.92,25.85
100.0,450,120,345.824,100.0,1.4,1.1,60.0,65.0001,50.0,100.0,1.4,1.1,60.0,60.0,2000.0,100.0,1.4,3.0,90.0,90.0,1.6258,0.6729,99.91,4.81,104.71
100.0,500,0,292.8808,100.0,1.4,1.1,60.0,65.0001,50.0,100.0,1.4,1.1,60.0,60.0,2000.0,100.0,1.4,3.0,90.0,90.0,1.5299,0.6871,99.91,0.71,100.62
100.0,500,20,293.4267,100.0,1.4,1.1,60.0,65.0,50.0,100.0,1.4,1.1,60.0,60.0,2000.0,100.0,1.4,3.0,90.0,90.0,1.5327,0.6901,99.91,1.34,101.25
100.0,500,40,294.8613,100.0,1.4,1.1,60.0001,65.0001,50.0,100.0,1.4,1.1,60.0,60.0,2000.0,100.0,1.4,3.0,90.0,90.0,1.5402,0.6911,99.91,1.98,101.89
100.0,500,60,299.1402,100.0,1.4,1.1,60.0,65.0,50.0,100.0,1.4,1.1,60.0,60.0,2000.0,100.0,1.4,3.0,90.0,90.0,1.5626,0.6857,99.91,2.65,102.56
100.0,500,80,300.2788,100.0,1.4,1.1,60.0001,65.0001,50.0,100.0,1.4,1.1,60.0,60.0,2000.0,100.0,1.4,3.0,90.0,90.0,1.5685,0.6875,99.91,3.31,103.23
100.0,500,100,301.8187,100.0,1.4,1.1,60.0,65.0,50.0,100.0,1.4,1.1,60.0,60.0,2000.0,100.0,1.4,3.0,90.0,90.0,1.5766,0.6885,99.91,3.99,103.9
100.0,500,120,304.4156,100.0,1.4,1.1,60.0,65.0001,50.0,100.0,1.4,1.1,60.0,60.0,2000.0,100.0,1.4,3.0,90.0,90.0,1.5901,0.6873,99.91,4.7,104.61
105.0,400,0,395.8416,100.0,1.4,1.1,60.0,65.0001,50.0,100.0,1.4,1.1,60.0,60.0,2000.0,100.0,1.4,3.0,90.0,90.0,1.6542,0.6674,104.91,0.77,105.67
105.0,400,20,403.8905,100.0,1.4,1.1,60.0,65.0001,50.0,100.0,1.4,1.1,60.0,60.0,2000.0,100.0,1.4,3.0,90.0,90.0,1.6878,0.6585,104.91,1.47,106.38
25.0,450,120,77.7613,100.0,1.4,1.1,60.0,65.0,50.0,100.0,1.4,1.1,60.0,60.0,2000.0,100.0,1.4,3.0,90.0,90.0,0.3656,0.7432,24.92,1.08,26.01
105.0,400,40,404.3691,100.0,1.4,1.1,60.0001,65.0001,50.0,100.0,1.4,1.1,60.0,60.0,2000.0,100.0,1.4,3.0,90.0,90.0,1.6898,0.662,104.9,2.17,107.07
105.0,400,60,412.0576,100.0,1.4,1.1,60.0001,65.0001,50.0,100.0,1.4,1.1,60.0,60.0,2000.0,100.0,1.4,3.0,90.0,90.0,1.7219,0.6542,104.9,2.92,107.82
105.0,400,80,412.7816,100.0,1.4,1.1,60.0,65.0,50.0,100.0,1.4,1.1,60.0,60.0,2000.0,100.0,1.4,3.0,90.0,90.0,1.725,0.6574,104.9,3.64,108.55
105.0,400,100,415.1527,100.0,1.4,1.1,60.0,65.0001,50.0,100.0,1.4,1.1,60.0,60.0,2000.0,100.0,1.4,3.0,90.0,90.0,1.7349,0.6582,104.9,4.39,109.29
105.0,400,120,414.7277,100.0,1.4,1.1,60.0,65.0,50.0,100.0,1.4,1.1,60.0,60.0,2000.0,100.0,1.4,3.0,90.0,90.0,1.7331,0.6632,104.9,5.12,110.02
105.0,450,0,347.7849,100.0,1.4,1.1,60.0,65.0,50.0,100.0,1.4,1.1,60.0,60.0,2000.0,100.0,1.4,3.0,90.0,90.0,1.635,0.6752,104.91,0.76,105.67
105.0,450,20,350.7346,100.0,1.4,1.1,60.0,65.0001,50.0,100.0,1.4,1.1,60.0,60.0,2000.0,100.0,1.4,3.0,90.0,90.0,1.6489,0.6738,104.91,1.44,106.35
105.0,450,40,353.1952,100.0,1.4,1.1,60.0,65.0001,50.0,100.0,1.4,1.1,60.0,60.0,2000.0,100.0,1.4,3.0,90.0,90.0,1.6605,0.6735,104.91,2.13,107.04
105.0,450,60,359.0722,100.0,1.4,1.1,60.0,65.0,50.0,100.0,1.4,1.1,60.0,60.0,2000.0,100.0,1.4,3.0,90.0,90.0,1.6881,0.667,104.91,2.86,107.77
105.0,450,80,359.0453,100.0,1.4,1.1,60.0001,65.0001,50.0,100.0,1.4,1.1,60.0,60.0,2000.0,100.0,1.4,3.0,90.0,90.0,1.688,0.6714,104.91,3.57,108.47
25.0,500,0,67.5141,100.0,1.4,1.1,60.0001,65.0001,50.0,100.0,1.4,1.1,60.0,60.0,2000.0,100.0,1.4,3.0,90.0,90.0,0.3527,0.7433,24.93,0.16,25.09
105.0,450,100,362.6358,100.0,1.4,1.1,60.0001,65.0001,50.0,100.0,1.4,1.1,60.0,60.0,2000.0,100.0,1.4,3.0,90.0,90.0,1.7048,0.6693,104.91,4.32,109.22
105.0,450,120,362.8919,100.0,1.4,1.1,60.0,65.0001,50.0,100.0,1.4,1.1,60.0,60.0,2000.0,100.0,1.4,3.0,90.0,90.0,1.706,0.6733,104.9,5.04,109.95
105.0,500,0,308.7872,100.0,1.4,1.1,60.0,65.0,50.0,100.0,1.4,1.1,60.0,60.0,2000.0,100.0,1.4,3.0,90.0,90.0,1.613,0.6844,104.91,0.75,105.66
105.0,500,20,312.0493,100.0,1.4,1.1,60.0,65.0,50.0,100.0,1.4,1.1,60.0,60.0,2000.0,100.0,1.4,3.0,90.0,90.0,1.63,0.6815,104.91,1.42,106.33
105.0,500,40,312.6308,100.0,1.4,1.1,60.0,65.0,50.0,100.0,1.4,1.1,60.0,60.0,2000.0,100.0,1.4,3.0,90.0,90.0,1.6331,0.6846,104.91,2.09,107.01
105.0,500,60,314.7427,100.0,1.4,1.1,60.0,65.0001,50.0,100.0,1.4,1.1,60.0,60.0,2000.0,100.0,1.4,3.0,90.0,90.0,1.6441,0.6844,104.91,2.79,107.7
105.0,500,80,318.7254,100.0,1.4,1.1,60.0,65.0,50.0,100.0,1.4,1.1,60.0,60.0,2000.0,100.0,1.4,3.0,90.0,90.0,1.6649,0.6804,104.91,3.52,108.43
105.0,500,100,319.7764,100.0,1.4,1.1,60.0,65.0,50.0,100.0,1.4,1.1,60.0,60.0,2000.0,100.0,1.4,3.0,90.0,90.0,1.6704,0.6826,104.91,4.23,109.14
105.0,500,120,322.3385,100.0,1.4,1.1,60.0,65.0001,50.0,100.0,1.4,1.1,60.0,60.0,2000.0,100.0,1.4,3.0,90.0,90.0,1.6838,0.6818,104.91,4.98,109.89
110.0,400,0,422.9044,100.0,1.4,1.1,60.0,65.0,50.0,100.0,1.4,1.1,60.0,60.0,2000.0,100.0,1.4,3.0,90.0,90.0,1.7673,0.6545,109.9,0.82,110.72
25.0,500,20,67.525,100.0,1.4,1.1,60.0,65.0001,50.0,100.0,1.4,1.1,60.0,60.0,2000.0,100.0,1.4,3.0,90.0,90.0,0.3527,0.7474,24.93,0.31,25.24
110.0,400,20,426.413,100.0,1.4,1.1,60.0,65.0,50.0,100.0,1.4,1.1,60.0,60.0,2000.0,100.0,1.4,3.0,90.0,90.0,1.7819,0.6534,109.9,1.55,111.45
110.0,400,40,431.8464,100.0,1.4,1.1,60.0001,65.0001,50.0,100.0,1.4,1.1,60.0,60.0,2000.0,100.0,1.4,3.0,90.0,90.0,1.8046,0.6496,109.9,2.31,112.22
110.0,400,60,430.3965,100.0,1.4,1.1,60.0,65.0001,50.0,100.0,1.4,1.1,60.0,60.0,2000.0,100.0,1.4,3.0,90.0,90.0,1.7986,0.6561,109.9,3.05,112.95
110.0,400,80,433.4978,100.0,1.4,1.1,60.0,65.0001,50.0,100.0,1.4,1.1,60.0,60.0,2000.0,100.0,1.4,3.0,90.0,90.0,1.8115,0.6559,109.9,3.83,113.73
110.0,400,100,437.7957,100.0,1.4,1.1,60.0,65.0,50.0,100.0,1.4,1.1,60.0,60.0,2000.0,100.0,1.4,3.0,90.0,90.0,1.8295,0.654,109.9,4.63,114.53
110.0,400,120,444.0854,100.0,1.4,1.1,60.0,65.0,50.0,100.0,1.4,1.1,60.0,60.0,2000.0,100.0,1.4,3.0,90.0,90.0,1.8558,0.6496,109.9,5.49,115.38
110.0,450,0,366.2879,100.0,1.4,1.1,60.0,65.0,50.0,100.0,1.4,1.1,60.0,60.0,2000.0,100.0,1.4,3.0,90.0,90.0,1.722,0.6717,109.91,0.8,110.71
110.0,450,20,368.0144,100.0,1.4,1.1,60.0,65.0001,50.0,100.0,1.4,1.1,60.0,60.0,2000.0,100.0,1.4,3.0,90.0,90.0,1.7301,0.6728,109.91,1.51,111.41
110.0,450,40,370.1614,100.0,1.4,1.1,60.0,65.0,50.0,100.0,1.4,1.1,60.0,60.0,2000.0,100.0,1.4,3.0,90.0,90.0,1.7402,0.6732,109.91,2.23,112.14
110.0,450,60,375.5538,100.0,1.4,1.1,60.0001,65.0002,50.0,100.0,1.4,1.1,60.0,60.0,2000.0,100.0,1.4,3.0,90.0,90.0,1.7656,0.6681,109.91,2.99,112.9
25.0,500,40,68.3429,100.0,1.4,1.1,60.0001,65.0001,50.0,100.0,1.4,1.1,60.0,60.0,2000.0,100.0,1.4,3.0,90.0,90.0,0.357,0.7429,24.93,0.46,25.38
110.0,450,80,375.5257,100.0,1.4,1.1,60.0,65.0001,50.0,100.0,1.4,1.1,60.0,60.0,2000.0,100.0,1.4,3.0,90.0,90.0,1.7654,0.6725,109.91,3.73,113.64
110.0,450,100,382.1832,100.0,1.4,1.1,60.0,65.0001,50.0,100.0,1.4,1.1,60.0,60.0,2000.0,100.0,1.4,3.0,90.0,90.0,1.7967,0.6655,109.9,4.55,114.45
110.0,450,120,380.1008,100.0,1.4,1.1,60.0,65.0,50.0,100.0,1.4,1.1,60.0,60.0,2000.0,100.0,1.4,3.0,90.0,90.0,1.7869,0.6734,109.91,5.28,115.19
110.0,500,0,326.1231,100.0,1.4,1.1,60.0,65.0001,50.0,100.0,1.4,1.1,60.0,60.0,2000.0,100.0,1.4,3.0,90.0,90.0,1.7035,0.6789,109.91,0.79,110.7
110.0,500,20,326.169,100.0,1.4,1.1,60.0,65.0001,50.0,100.0,1.4,1.1,60.0,60.0,2000.0,100.0,1.4,3.0,90.0,90.0,1.7038,0.6831,109.91,1.49,111.4
110.0,500,40,328.2673,100.0,1.4,1.1,60.0,65.0,50.0,100.0,1.4,1.1,60.0,60.0,2000.0,100.0,1.4,3.0,90.0,90.0,1.7147,0.683,109.91,2.2,112.11
110.0,500,60,332.7754,100.0,1.4,1.1,60.0,65.0,50.0,100.0,1.4,1.1,60.0,60.0,2000.0,100.0,1.4,3.0,90.0,90.0,1.7383,0.6783,109.91,2.95,112.86
110.0,500,80,334.7019,100.0,1.4,1.1,60.0,65.0,50.0,100.0,1.4,1.1,60.0,60.0,2000.0,100.0,1.4,3.0,90.0,90.0,1.7484,0.6788,109.91,3.69,113.6
110.0,500,100,333.7852,100.0,1.4,1.1,60.0,65.0,50.0,100.0,1.4,1.1,60.0,60.0,2000.0,100.0,1.4,3.0,90.0,90.0,1.7436,0.685,109.91,4.42,114.33
110.0,500,120,341.0182,100.0,1.4,1.1,60.0,65.0,50.0,100.0,1.4,1.1,60.0,60.0,2000.0,100.0,1.4,3.0,90.0,90.0,1.7813,0.6755,109.91,5.27,115.17
25.0,500,60,68.8574,100.0,1.4,1.1,60.0001,65.0001,50.0,100.0,1.4,1.1,60.0,60.0,2000.0,100.0,1.4,3.0,90.0,90.0,0.3597,0.7417,24.93,0.61,25.54
20.0,400,40,68.3869,100.0,1.4,1.1,60.0,65.0001,50.0,100.0,1.4,1.1,60.0,60.0,2000.0,100.0,1.4,3.0,90.0,90.0,0.2858,0.7418,19.93,0.37,20.29
115.0,400,0,446.9352,100.0,1.4,1.1,60.0,65.0001,50.0,100.0,1.4,1.1,60.0,60.0,2000.0,100.0,1.4,3.0,90.0,90.0,1.8677,0.6476,114.9,0.87,115.77
115.0,400,20,446.58,100.0,1.4,1.1,60.0,65.0,50.0,100.0,1.4,1.1,60.0,60.0,2000.0,100.0,1.4,3.0,90.0,90.0,1.8662,0.6523,114.9,1.63,116.53
115.0,400,40,450.4624,100.0,1.4,1.1,60.0,65.0,50.0,100.0,1.4,1.1,60.0,60.0,2000.0,100.0,1.4,3.0,90.0,90.0,1.8824,0.6511,114.9,2.41,117.31
115.0,400,60,458.1966,100.0,1.4,1.1,60.0,65.0001,50.0,100.0,1.4,1.1,60.0,60.0,2000.0,100.0,1.4,3.0,90.0,90.0,1.9148,0.6446,114.9,3.25,118.15
115.0,400,80,459.7031,100.0,1.4,1.1,60.0,65.0,50.0,100.0,1.4,1.1,60.0,60.0,2000.0,100.0,1.4,3.0,90.0,90.0,1.921,0.6469,114.9,4.06,118.96
115.0,400,100,465.1165,100.0,1.4,1.1,60.0,65.0,50.0,100.0,1.4,1.1,60.0,60.0,2000.0,100.0,1.4,3.0,90.0,90.0,1.9437,0.644,114.9,4.92,119.82
115.0,400,120,469.8584,100.0,1.4,1.1,60.0,65.0001,50.0,100.0,1.4,1.1,60.0,60.0,2000.0,100.0,1.4,3.0,90.0,90.0,1.9635,0.6422,114.89,5.8,120.7
115.0,450,0,389.7295,100.0,1.4,1.1,60.0,65.0,50.0,100.0,1.4,1.1,60.0,60.0,2000.0,100.0,1.4,3.0,90.0,90.0,1.8322,0.66,114.91,0.85,115.76
115.0,450,20,387.2896,100.0,1.4,1.1,60.0,65.0,50.0,100.0,1.4,1.1,60.0,60.0,2000.0,100.0,1.4,3.0,90.0,90.0,1.8207,0.6684,114.91,1.59,116.5
115.0,450,40,393.4429,100.0,1.4,1.1,60.0,65.0,50.0,100.0,1.4,1.1,60.0,60.0,2000.0,100.0,1.4,3.0,90.0,90.0,1.8497,0.6624,114.9,2.37,117.28
25.0,500,80,69.161,100.0,1.4,1.1,60.0001,65.0003,50.0,100.0,1.4,1.1,60.0,60.0,2000.0,100.0,1.4,3.0,90.0,90.0,0.3613,0.7429,24.93,0.76,25.69
115.0,450,60,397.913,100.0,1.4,1.1,60.0,65.0,50.0,100.0,1.4,1.1,60.0,60.0,2000.0,100.0,1.4,3.0,90.0,90.0,1.8707,0.6594,114.9,3.17,118.08
115.0,450,80,400.1516,100.0,1.4,1.1,60.0,65.0,50.0,100.0,1.4,1.1,60.0,60.0,2000.0,100.0,1.4,3.0,90.0,90.0,1.8812,0.6602,114.9,3.97,118.88
115.0,450,100,403.7639,100.0,1.4,1.1,60.0,65.0,50.0,100.0,1.4,1.1,60.0,60.0,2000.0,100.0,1.4,3.0,90.0,90.0,1.8982,0.6588,114.9,4.81,119.71
115.0,450,120,404.5523,100.0,1.4,1.1,60.0,65.0,50.0,100.0,1.4,1.1,60.0,60.0,2000.0,100.0,1.4,3.0,90.0,90.0,1.9019,0.662,114.9,5.62,120.52
115.0,500,0,340.7282,100.0,1.4,1.1,60.0,65.0,50.0,100.0,1.4,1.1,60.0,60.0,2000.0,100.0,1.4,3.0,90.0,90.0,1.7798,0.6793,114.91,0.83,115.74
115.0,500,20,343.8781,100.0,1.4,1.1,60.0,65.0001,50.0,100.0,1.4,1.1,60.0,60.0,2000.0,100.0,1.4,3.0,90.0,90.0,1.7963,0.6774,114.91,1.57,116.47
115.0,500,40,345.5376,100.0,1.4,1.1,60.0,65.0001,50.0,100.0,1.4,1.1,60.0,60.0,2000.0,100.0,1.4,3.0,90.0,90.0,1.805,0.6785,114.91,2.32,117.22
115.0,500,60,351.9542,100.0,1.4,1.1,60.0,65.0,50.0,100.0,1.4,1.1,60.0,60.0,2000.0,100.0,1.4,3.0,90.0,90.0,1.8385,0.6707,114.91,3.12,118.02
115.0,500,80,355.0169,100.0,1.4,1.1,60.0,65.0,50.0,100.0,1.4,1.1,60.0,60.0,2000.0,100.0,1.4,3.0,90.0,90.0,1.8545,0.6694,114.91,3.92,118.82
115.0,500,100,358.1332,100.0,1.4,1.1,60.0,65.0,50.0,100.0,1.4,1.1,60.0,60.0,2000.0,100.0,1.4,3.0,90.0,90.0,1.8707,0.6681,114.9,4.74,119.64
25.0,500,100,69.4261,100.0,1.4,1.1,60.0,65.0001,50.0,100.0,1.4,1.1,60.0,60.0,2000.0,100.0,1.4,3.0,90.0,90.0,0.3627,0.7445,24.93,0.92,25.84
115.0,500,120,359.2143,100.0,1.4,1.1,60.0,65.0001,50.0,100.0,1.4,1.1,60.0,60.0,2000.0,100.0,1.4,3.0,90.0,90.0,1.8764,0.6706,114.91,5.55,120.45
120.0,400,0,463.7126,100.0,1.4,1.1,60.0,65.0,50.0,100.0,1.4,1.1,60.0,60.0,2000.0,100.0,1.4,3.0,90.0,90.0,1.9378,0.6513,119.9,0.9,120.8
120.0,400,20,473.867,100.0,1.4,1.1,60.0,65.0,50.0,100.0,1.4,1.1,60.0,60.0,2000.0,100.0,1.4,3.0,90.0,90.0,1.9802,0.6417,119.9,1.73,121.63
120.0,400,40,478.3923,100.0,1.4,1.1,60.0,65.0,50.0,100.0,1.4,1.1,60.0,60.0,2000.0,100.0,1.4,3.0,90.0,90.0,1.9991,0.64,119.9,2.56,122.46
120.0,400,60,477.7183,100.0,1.4,1.1,60.0001,65.0001,50.0,100.0,1.4,1.1,60.0,60.0,2000.0,100.0,1.4,3.0,90.0,90.0,1.9963,0.6452,119.9,3.39,123.28
120.0,400,80,481.2259,100.0,1.4,1.1,60.0001,65.0001,50.0,100.0,1.4,1.1,60.0,60.0,2000.0,100.0,1.4,3.0,90.0,90.0,2.011,0.6449,119.9,4.25,124.14
120.0,400,100,493.6309,100.0,1.4,1.1,60.0,65.0001,50.0,100.0,1.4,1.1,60.0,60.0,2000.0,100.0,1.4,3.0,90.0,90.0,2.0628,0.6337,119.89,5.22,125.12
120.0,400,120,488.9556,100.0,1.4,1.1,60.0,65.0,50.0,100.0,1.4,1.1,60.0,60.0,2000.0,100.0,1.4,3.0,90.0,90.0,2.0433,0.6439,119.9,6.04,125.94
120.0,450,0,406.2386,100.0,1.4,1.1,60.0,65.0,50.0,100.0,1.4,1.1,60.0,60.0,2000.0,100.0,1.4,3.0,90.0,90.0,1.9098,0.6608,119.91,0.89,120.79
120.0,450,20,408.3142,100.0,1.4,1.1,60.0,65.0,50.0,100.0,1.4,1.1,60.0,60.0,2000.0,100.0,1.4,3.0,90.0,90.0,1.9196,0.6617,119.91,1.67,121.58
25.0,500,120,69.8302,100.0,1.4,1.1,60.0001,65.0001,50.0,100.0,1.4,1.1,60.0,60.0,2000.0,100.0,1.4,3.0,90.0,90.0,0.3648,0.7448,24.93,1.08,26.0
120.0,450,40,408.2444,100.0,1.4,1.1,60.0,65.0,50.0,100.0,1.4,1.1,60.0,60.0,2000.0,100.0,1.4,3.0,90.0,90.0,1.9193,0.6661,119.9,2.46,122.37
120.0,450,60,413.3678,100.0,1.4,1.1,60.0,65.0,50.0,100.0,1.4,1.1,60.0,60.0,2000.0,100.0,1.4,3.0,90.0,90.0,1.9433,0.6623,119.9,3.3,123.2
120.0,450,80,421.3852,100.0,1.4,1.1,60.0,65.0001,50.0,100.0,1.4,1.1,60.0,60.0,2000.0,100.0,1.4,3.0,90.0,90.0,1.981,0.6544,119.9,4.19,124.09
120.0,450,100,422.4114,100.0,1.4,1.1,60.0,65.0,50.0,100.0,1.4,1.1,60.0,60.0,2000.0,100.0,1.4,3.0,90.0,90.0,1.9859,0.6572,119.9,5.03,124.93
120.0,450,120,424.6427,100.0,1.4,1.1,60.0,65.0,50.0,100.0,1.4,1.1,60.0,60.0,2000.0,100.0,1.4,3.0,90.0,90.0,1.9964,0.6583,119.9,5.9,125.8
120.0,500,0,359.0362,100.0,1.4,1.1,60.0,65.0001,50.0,100.0,1.4,1.1,60.0,60.0,2000.0,100.0,1.4,3.0,90.0,90.0,1.8755,0.6728,119.91,0.87,120.78
120.0,500,20,357.4504,100.0,1.4,1.1,60.0,65.0,50.0,100.0,1.4,1.1,60.0,60.0,2000.0,100.0,1.4,3.0,90.0,90.0,1.8672,0.68,119.91,1.63,121.54
120.0,500,40,365.0821,100.0,1.4,1.1,60.0,65.0001,50.0,100.0,1.4,1.1,60.0,60.0,2000.0,100.0,1.4,3.0,90.0,90.0,1.907,0.6703,119.91,2.45,122.35
120.0,500,60,367.1891,100.0,1.4,1.1,60.0,65.0001,50.0,100.0,1.4,1.1,60.0,60.0,2000.0,100.0,1.4,3.0,90.0,90.0,1.9181,0.6708,119.91,3.25,123.16
120.0,500,80,370.5982,100.0,1.4,1.1,60.0,65.0001,50.0,100.0,1.4,1.1,60.0,60.0,2000.0,100.0,1.4,3.0,90.0,90.0,1.9359,0.6692,119.91,4.09,124.0
30.0,400,0,101.8352,100.0,1.4,1.1,60.0001,65.0001,50.0,100.0,1.4,1.1,60.0,60.0,2000.0,100.0,1.4,3.0,90.0,90.0,0.4256,0.7395,29.93,0.2,30.12
120.0,500,100,375.0917,100.0,1.4,1.1,60.0001,65.0001,50.0,100.0,1.4,1.1,60.0,60.0,2000.0,100.0,1.4,3.0,90.0,90.0,1.9593,0.6658,119.9,4.96,124.87
120.0,500,120,376.3085,100.0,1.4,1.1,60.0,65.0001,50.0,100.0,1.4,1.1,60.0,60.0,2000.0,100.0,1.4,3.0,90.0,90.0,1.9657,0.6681,119.9,5.81,125.71
125.0,400,0,495.8476,100.0,1.4,1.1,60.0,65.0,50.0,100.0,1.4,1.1,60.0,60.0,2000.0,100.0,1.4,3.0,90.0,90.0,2.0721,0.6346,124.9,0.96,125.86
125.0,400,20,498.6026,100.0,1.4,1.1,60.0,65.0,50.0,100.0,1.4,1.1,60.0,60.0,2000.0,100.0,1.4,3.0,90.0,90.0,2.0836,0.6353,124.9,1.82,126.71
125.0,400,40,496.0446,100.0,1.4,1.1,60.0,65.0,50.0,100.0,1.4,1.1,60.0,60.0,2000.0,100.0,1.4,3.0,90.0,90.0,2.0729,0.6429,124.9,2.66,127.56
125.0,400,60,506.6318,100.0,1.4,1.1,60.0,65.0,50.0,100.0,1.4,1.1,60.0,60.0,2000.0,100.0,1.4,3.0,90.0,90.0,2.1172,0.634,124.89,3.59,128.49
125.0,400,80,512.1711,100.0,1.4,1.1,60.0001,65.0001,50.0,100.0,1.4,1.1,60.0,60.0,2000.0,100.0,1.4,3.0,90.0,90.0,2.1403,0.6317,124.89,4.52,129.41
125.0,400,100,515.9358,100.0,1.4,1.1,60.0,65.0,50.0,100.0,1.4,1.1,60.0,60.0,2000.0,100.0,1.4,3.0,90.0,90.0,2.156,0.6316,124.89,5.46,130.35
125.0,400,120,518.1268,100.0,1.4,1.1,60.0,65.0,50.0,100.0,1.4,1.1,60.0,60.0,2000.0,100.0,1.4,3.0,90.0,90.0,2.1652,0.6335,124.89,6.4,131.29
125.0,450,0,425.9106,100.0,1.4,1.1,60.0001,65.0001,50.0,100.0,1.4,1.1,60.0,60.0,2000.0,100.0,1.4,3.0,90.0,90.0,2.0023,0.6565,124.9,0.93,125.83
30.0,400,20,103.1011,100.0,1.4,1.1,60.0,65.0,50.0,100.0,1.4,1.1,60.0,60.0,2000.0,100.0,1.4,3.0,90.0,90.0,0.4308,0.7347,29.93,0.38,30.3
125.0,450,20,431.2017,100.0,1.4,1.1,60.0,65.0,50.0,100.0,1.4,1.1,60.0,60.0,2000.0,100.0,1.4,3.0,90.0,90.0,2.0272,0.6528,124.9,1.77,126.67
125.0,450,40,431.4004,100.0,1.4,1.1,60.0,65.0001,50.0,100.0,1.4,1.1,60.0,60.0,2000.0,100.0,1.4,3.0,90.0,90.0,2.0281,0.6568,124.9,2.6,127.5
125.0,450,60,437.2658,100.0,1.4,1.1,60.0,65.0,50.0,100.0,1.4,1.1,60.0,60.0,2000.0,100.0,1.4,3.0,90.0,90.0,2.0557,0.6525,124.9,3.49,128.39
125.0,450,80,443.6684,100.0,1.4,1.1,60.0,65.0001,50.0,100.0,1.4,1.1,60.0,60.0,2000.0,100.0,1.4,3.0,90.0,90.0,2.0858,0.6477,124.9,4.41,129.3
125.0,450,100,442.9581,100.0,1.4,1.1,60.0,65.0,50.0,100.0,1.4,1.1,60.0,60.0,2000.0,100.0,1.4,3.0,90.0,90.0,2.0825,0.653,124.9,5.27,130.17
125.0,450,120,451.6167,100.0,1.4,1.1,60.0,65.0,50.0,100.0,1.4,1.1,60.0,60.0,2000.0,100.0,1.4,3.0,90.0,90.0,2.1232,0.6454,124.9,6.28,131.17
125.0,500,0,378.7545,100.0,1.4,1.1,60.0,65.0001,50.0,100.0,1.4,1.1,60.0,60.0,2000.0,100.0,1.4,3.0,90.0,90.0,1.9785,0.6644,124.91,0.92,125.82
125.0,500,20,380.9279,100.0,1.4,1.1,60.0001,65.0001,50.0,100.0,1.4,1.1,60.0,60.0,2000.0,100.0,1.4,3.0,90.0,90.0,1.9898,0.6649,124.91,1.73,126.64
125.0,500,40,380.2515,100.0,1.4,1.1,60.0,65.0001,50.0,100.0,1.4,1.1,60.0,60.0,2000.0,100.0,1.4,3.0,90.0,90.0,1.9863,0.6704,124.91,2.55,127.45
125.0,500,60,386.0781,100.0,1.4,1.1,60.0,65.0001,50.0,100.0,1.4,1.1,60.0,60.0,2000.0,100.0,1.4,3.0,90.0,90.0,2.0167,0.6648,124.9,3.42,128.33
30.0,400,40,103.7025,100.0,1.4,1.1,60.0,65.0,50.0,100.0,1.4,1.1,60.0,60.0,2000.0,100.0,1.4,3.0,90.0,90.0,0.4334,0.7348,29.93,0.56,30.48
125.0,500,80,388.3593,100.0,1.4,1.1,60.0,65.0001,50.0,100.0,1.4,1.1,60.0,60.0,2000.0,100.0,1.4,3.0,90.0,90.0,2.0286,0.6653,124.9,4.29,129.19
125.0,500,100,386.6659,100.0,1.4,1.1,60.0,65.0,50.0,100.0,1.4,1.1,60.0,60.0,2000.0,100.0,1.4,3.0,90.0,90.0,2.0198,0.6725,124.9,5.12,130.02
125.0,500,120,390.3028,100.0,1.4,1.1,60.0,65.0001,50.0,100.0,1.4,1.1,60.0,60.0,2000.0,100.0,1.4,3.0,90.0,90.0,2.0388,0.6709,124.9,6.03,130.93
130.0,400,0,520.7344,100.0,1.4,1.1,60.0,65.0001,50.0,100.0,1.4,1.1,60.0,60.0,2000.0,100.0,1.4,3.0,90.0,90.0,2.1761,0.6285,129.89,1.01,130.9
130.0,400,20,524.9779,100.0,1.4,1.1,60.0001,65.0001,50.0,100.0,1.4,1.1,60.0,60.0,2000.0,100.0,1.4,3.0,90.0,90.0,2.1938,0.6277,129.89,1.91,131.81
130.0,400,40,525.3099,100.0,1.4,1.1,60.0,65.0,50.0,100.0,1.4,1.1,60.0,60.0,2000.0,100.0,1.4,3.0,90.0,90.0,2.1952,0.6316,129.89,2.82,132.71
130.0,400,60,532.0629,100.0,1.4,1.1,60.0,65.0,50.0,100.0,1.4,1.1,60.0,60.0,2000.0,100.0,1.4,3.0,90.0,90.0,2.2234,0.6281,129.89,3.77,133.67
130.0,400,80,535.4755,100.0,1.4,1.1,60.0,65.0001,50.0,100.0,1.4,1.1,60.0,60.0,2000.0,100.0,1.4,3.0,90.0,90.0,2.2377,0.6285,129.89,4.73,134.62
130.0,400,100,540.6706,100.0,1.4,1.1,60.0,65.0,50.0,100.0,1.4,1.1,60.0,60.0,2000.0,100.0,1.4,3.0,90.0,90.0,2.2594,0.6271,129.89,5.72,135.61
130.0,400,120,545.7541,100.0,1.4,1.1,60.0,65.0,50.0,100.0,1.4,1.1,60.0,60.0,2000.0,100.0,1.4,3.0,90.0,90.0,2.2806,0.6259,129.89,6.74,136.63
30.0,400,60,104.5145,100.0,1.4,1.1,60.0,65.0,50.0,100.0,1.4,1.1,60.0,60.0,2000.0,100.0,1.4,3.0,90.0,90.0,0.4368,0.7335,29.92,0.74,30.67
130.0,450,0,446.7213,100.0,1.4,1.1,60.0,65.0001,50.0,100.0,1.4,1.1,60.0,60.0,2000.0,100.0,1.4,3.0,90.0,90.0,2.1001,0.651,129.9,0.97,130.88
130.0,450,20,451.0619,100.0,1.4,1.1,60.0,65.0,50.0,100.0,1.4,1.1,60.0,60.0,2000.0,100.0,1.4,3.0,90.0,90.0,2.1206,0.6491,129.9,1.85,131.75
130.0,450,40,453.5037,100.0,1.4,1.1,60.0,65.0001,50.0,100.0,1.4,1.1,60.0,60.0,2000.0,100.0,1.4,3.0,90.0,90.0,2.132,0.6499,129.9,2.73,132.63
130.0,450,60,465.0066,100.0,1.4,2.5151,60.0,65.0,50.0,100.0,1.4,1.1,60.0,60.0,2000.0,100.0,1.4,3.0,90.0,90.0,2.1861,0.6953,129.9,15.6,145.5
130.0,450,80,459.2149,100.0,1.4,1.1,60.0,65.0,50.0,100.0,1.4,1.1,60.0,60.0,2000.0,100.0,1.4,3.0,90.0,90.0,2.1589,0.6507,129.9,4.56,134.46
130.0,450,100,466.4874,100.0,1.4,1.1,60.0,65.0,50.0,100.0,1.4,1.1,60.0,60.0,2000.0,100.0,1.4,3.0,90.0,90.0,2.1931,0.6453,129.9,5.55,135.45
130.0,450,120,471.2854,100.0,1.4,1.1,60.0,65.0,50.0,100.0,1.4,1.1,60.0,60.0,2000.0,100.0,1.4,3.0,90.0,90.0,2.2156,0.6434,129.89,6.55,136.44
130.0,500,0,390.1241,100.0,1.4,1.1,60.0,65.0,50.0,100.0,1.4,1.1,60.0,60.0,2000.0,100.0,1.4,3.0,90.0,90.0,2.0379,0.6708,129.91,0.95,130.85
130.0,500,20,395.71,100.0,1.4,1.1,60.0,65.0001,50.0,100.0,1.4,1.1,60.0,60.0,2000.0,100.0,1.4,3.0,90.0,90.0,2.067,0.6657,129.91,1.8,131.71
130.0,500,40,398.8984,100.0,1.4,1.1,60.0,65.0001,50.0,100.0,1.4,1.1,60.0,60.0,2000.0,100.0,1.4,3.0,90.0,90.0,2.0837,0.6647,129.91,2.67,132.58
30.0,400,80,105.0133,100.0,1.4,1.1,60.0,65.0,50.0,100.0,1.4,1.1,60.0,60.0,2000.0,100.0,1.4,3.0,90.0,90.0,0.4388,0.7345,29.92,0.93,30.85
130.0,500,60,402.0422,100.0,1.4,1.1,60.0,65.0,50.0,100.0,1.4,1.1,60.0,60.0,2000.0,100.0,1.4,3.0,90.0,90.0,2.1001,0.6639,129.9,3.56,133.47
130.0,500,80,408.6332,100.0,1.4,1.1,60.0,65.0001,50.0,100.0,1.4,1.1,60.0,60.0,2000.0,100.0,1.4,3.0,90.0,90.0,2.1345,0.6579,129.9,4.51,134.41
130.0,500,100,412.145,100.0,1.4,1.1,60.0001,65.0001,50.0,100.0,1.4,1.1,60.0,60.0,2000.0,100.0,1.4,3.0,90.0,90.0,2.1529,0.6568,129.9,5.45,135.35
130.0,500,120,413.418,100.0,1.4,1.1,60.0,65.0,50.0,100.0,1.4,1.1,60.0,60.0,2000.0,100.0,1.4,3.0,90.0,90.0,2.1595,0.6593,129.9,6.38,136.28
135.0,400,0,544.5981,100.0,1.4,1.1,60.0,65.0,50.0,100.0,1.4,1.1,60.0,60.0,2000.0,100.0,1.4,3.0,90.0,90.0,2.2758,0.6241,134.89,1.06,135.95
135.0,400,20,543.3094,100.0,1.4,1.1,60.0,65.0,50.0,100.0,1.4,1.1,60.0,60.0,2000.0,100.0,1.4,3.0,90.0,90.0,2.2704,0.6298,134.89,1.98,136.87
135.0,400,40,546.1127,100.0,1.4,1.1,60.0,65.0,50.0,100.0,1.4,1.1,60.0,60.0,2000.0,100.0,1.4,3.0,90.0,90.0,2.2821,0.6309,134.89,2.93,137.82
135.0,400,60,557.0274,100.0,1.4,1.1,60.0,65.0,50.0,100.0,1.4,1.1,60.0,60.0,2000.0,100.0,1.4,3.0,90.0,90.0,2.3278,0.6231,134.89,3.95,138.84
135.0,400,80,563.8407,100.0,1.4,1.1,60.0,65.0,50.0,100.0,1.4,1.1,60.0,60.0,2000.0,100.0,1.4,3.0,90.0,90.0,2.3562,0.6202,134.89,4.98,139.87
135.0,400,100,571.1282,100.0,1.4,1.1,60.0,65.0,50.0,100.0,1.4,1.1,60.0,60.0,2000.0,100.0,1.4,3.0,90.0,90.0,2.3867,0.6169,134.89,6.05,140.93
30.0,400,100,105.7063,100.0,1.4,1.1,60.0,65.0,50.0,100.0,1.4,1.1,60.0,60.0,2000.0,100.0,1.4,3.0,90.0,90.0,0.4417,0.7342,29.92,1.12,31.04
135.0,400,120,568.688,100.0,1.4,1.1,60.0,65.0,50.0,100.0,1.4,1.1,60.0,60.0,2000.0,100.0,1.4,3.0,90.0,90.0,2.3765,0.6239,134.89,7.02,141.91
135.0,450,0,469.1452,100.0,1.4,1.1,60.0001,65.0001,50.0,100.0,1.4,1.1,60.0,60.0,2000.0,100.0,1.4,3.0,90.0,90.0,2.2056,0.6438,134.9,1.02,135.92
135.0,450,20,472.6218,100.0,1.4,1.1,60.0,65.0,50.0,100.0,1.4,1.1,60.0,60.0,2000.0,100.0,1.4,3.0,90.0,90.0,2.2219,0.6434,134.9,1.94,136.84
135.0,450,40,475.4988,100.0,1.4,1.1,60.0,65.0001,50.0,100.0,1.4,1.1,60.0,60.0,2000.0,100.0,1.4,3.0,90.0,90.0,2.2354,0.6438,134.9,2.87,137.77
135.0,450,60,485.222,100.0,1.4,1.1,60.0,65.0,50.0,100.0,1.4,1.1,60.0,60.0,2000.0,100.0,1.4,3.0,90.0,90.0,2.2811,0.6355,134.9,3.87,138.76
135.0,450,80,483.3728,100.0,1.4,1.1,60.0,65.0,50.0,100.0,1.4,1.1,60.0,60.0,2000.0,100.0,1.4,3.0,90.0,90.0,2.2725,0.6422,134.9,4.8,139.7
135.0,450,100,492.4534,100.0,1.4,1.1,60.0,65.0002,50.0,100.0,1.4,1.1,60.0,60.0,2000.0,100.0,1.4,3.0,90.0,90.0,2.3151,0.6352,134.89,5.86,140.75
135.0,450,120,493.7935,100.0,1.4,1.1,60.0,65.0001,50.0,100.0,1.4,1.1,60.0,60.0,2000.0,100.0,1.4,3.0,90.0,90.0,2.3214,0.6379,134.89,6.86,141.76
135.0,500,0,411.3535,100.0,1.4,1.1,60.0,65.0,50.0,100.0,1.4,1.1,60.0,60.0,2000.0,100.0,1.4,3.0,90.0,90.0,2.1488,0.6608,134.9,1.0,135.9
135.0,500,20,417.079,100.0,1.4,1.1,60.0001,65.0001,50.0,100.0,1.4,1.1,60.0,60.0,2000.0,100.0,1.4,3.0,90.0,90.0,2.1787,0.656,134.9,1.9,136.8
30.0,400,120,106.3131,100.0,1.4,1.1,60.0,65.0001,50.0,100.0,1.4,1.1,60.0,60.0,2000.0,100.0,1.4,3.0,90.0,90.0,0.4443,0.7345,29.92,1.31,31.24
20.0,400,60,68.628,100.0,1.4,1.1,60.0,65.0001,50.0,100.0,1.4,1.1,60.0,60.0,2000.0,100.0,1.4,3.0,90.0,90.0,0.2868,0.7436,19.93,0.49,20.41
135.0,500,40,419.6273,100.0,1.4,1.1,60.0,65.0,50.0,100.0,1.4,1.1,60.0,60.0,2000.0,100.0,1.4,3.0,90.0,90.0,2.192,0.6564,134.9,2.81,137.71
135.0,500,60,420.4203,100.0,1.4,1.1,60.0,65.0001,50.0,100.0,1.4,1.1,60.0,60.0,2000.0,100.0,1.4,3.0,90.0,90.0,2.1961,0.6595,134.9,3.73,138.63
135.0,500,80,429.4653,100.0,1.4,1.1,60.0,65.0,50.0,100.0,1.4,1.1,60.0,60.0,2000.0,100.0,1.4,3.0,90.0,90.0,2.2434,0.6503,134.9,4.74,139.64
135.0,500,100,430.3918,100.0,1.4,1.1,60.0,65.0,50.0,100.0,1.4,1.1,60.0,60.0,2000.0,100.0,1.4,3.0,90.0,90.0,2.2482,0.6533,134.9,5.69,140.59
135.0,500,120,436.253,100.0,1.4,1.1,60.0,65.0,50.0,100.0,1.4,1.1,60.0,60.0,2000.0,100.0,1.4,3.0,90.0,90.0,2.2788,0.6493,134.9,6.74,141.63
140.0,400,0,566.6144,100.0,1.4,1.1,60.0,65.0,50.0,100.0,1.4,1.1,60.0,60.0,2000.0,100.0,1.4,3.0,90.0,90.0,2.3678,0.6221,139.89,1.1,140.99
140.0,400,20,574.2159,100.0,1.4,1.1,60.0,65.0001,50.0,100.0,1.4,1.1,60.0,60.0,2000.0,100.0,1.4,3.0,90.0,90.0,2.3996,0.6182,139.89,2.09,141.98
140.0,400,40,572.1979,100.0,1.4,1.1,60.0,65.0,50.0,100.0,1.4,1.1,60.0,60.0,2000.0,100.0,1.4,3.0,90.0,90.0,2.3912,0.6246,139.89,3.07,142.96
140.0,400,60,588.6229,100.0,1.4,1.1,60.0001,65.0001,50.0,100.0,1.4,1.1,60.0,60.0,2000.0,100.0,1.4,3.0,90.0,90.0,2.4598,0.6118,139.88,4.17,144.06
140.0,400,80,590.6336,100.0,1.4,1.1,60.0,65.0001,50.0,100.0,1.4,1.1,60.0,60.0,2000.0,100.0,1.4,3.0,90.0,90.0,2.4682,0.6142,139.89,5.22,145.1
30.0,450,0,90.9714,100.0,1.4,1.1,60.0,65.0,50.0,100.0,1.4,1.1,60.0,60.0,2000.0,100.0,1.4,3.0,90.0,90.0,0.4277,0.7359,29.93,0.2,30.13
140.0,400,100,596.0832,100.0,1.4,1.1,60.0,65.0,50.0,100.0,1.4,1.1,60.0,60.0,2000.0,100.0,1.4,3.0,90.0,90.0,2.491,0.6131,139.88,6.31,146.19
140.0,400,120,599.028,100.0,1.4,1.1,60.0,65.0,50.0,100.0,1.4,1.1,60.0,60.0,2000.0,100.0,1.4,3.0,90.0,90.0,2.5033,0.6147,139.88,7.4,147.28
140.0,450,0,483.2094,100.0,1.4,1.1,60.0,65.0001,50.0,100.0,1.4,1.1,60.0,60.0,2000.0,100.0,1.4,3.0,90.0,90.0,2.2717,0.6482,139.9,1.05,140.95
140.0,450,20,495.541,100.0,1.4,1.1,60.0,65.0001,50.0,100.0,1.4,1.1,60.0,60.0,2000.0,100.0,1.4,3.0,90.0,90.0,2.3297,0.6365,139.9,2.03,141.93
140.0,450,40,497.7633,100.0,1.4,1.1,60.0,65.0,50.0,100.0,1.4,1.1,60.0,60.0,2000.0,100.0,1.4,3.0,90.0,90.0,2.3401,0.638,139.9,3.0,142.9
140.0,450,60,501.4339,100.0,1.4,1.1,60.0,65.0001,50.0,100.0,1.4,1.1,60.0,60.0,2000.0,100.0,1.4,3.0,90.0,90.0,2.3574,0.6377,139.9,4.0,143.89
140.0,450,80,508.7124,100.0,1.4,1.1,60.0,65.0,50.0,100.0,1.4,1.1,60.0,60.0,2000.0,100.0,1.4,3.0,90.0,90.0,2.3916,0.6332,139.89,5.05,144.95
140.0,450,100,511.4539,100.0,1.4,1.1,60.0001,65.0002,50.0,100.0,1.4,1.1,60.0,60.0,2000.0,100.0,1.4,3.0,90.0,90.0,2.4045,0.6343,139.89,6.09,145.98
140.0,450,120,518.3245,100.0,1.4,1.1,60.0,65.0,50.0,100.0,1.4,1.1,60.0,60.0,2000.0,100.0,1.4,3.0,90.0,90.0,2.4368,0.6306,139.89,7.2,147.09
140.0,500,0,428.8405,100.0,1.4,1.1,60.0,65.0001,50.0,100.0,1.4,1.1,60.0,60.0,2000.0,100.0,1.4,3.0,90.0,90.0,2.2401,0.6573,139.9,1.04,140.94
30.0,450,20,90.996,100.0,1.4,1.1,60.0,65.0001,50.0,100.0,1.4,1.1,60.0,60.0,2000.0,100.0,1.4,3.0,90.0,90.0,0.4278,0.7399,29.93,0.37,30.3
140.0,500,20,434.6607,100.0,1.4,1.1,60.0,65.0,50.0,100.0,1.4,1.1,60.0,60.0,2000.0,100.0,1.4,3.0,90.0,90.0,2.2705,0.6528,139.9,1.98,141.88
140.0,500,40,438.6539,100.0,1.4,1.1,60.0,65.0001,50.0,100.0,1.4,1.1,60.0,60.0,2000.0,100.0,1.4,3.0,90.0,90.0,2.2914,0.6513,139.9,2.94,142.84
140.0,500,60,440.9536,100.0,1.4,1.1,60.0,65.0,50.0,100.0,1.4,1.1,60.0,60.0,2000.0,100.0,1.4,3.0,90.0,90.0,2.3034,0.6523,139.9,3.91,143.81
140.0,500,80,445.5536,100.0,1.4,1.1,60.0,65.0001,50.0,100.0,1.4,1.1,60.0,60.0,2000.0,100.0,1.4,3.0,90.0,90.0,2.3274,0.6501,139.9,4.92,144.82
140.0,500,100,445.2693,100.0,1.4,1.1,60.0001,65.0001,50.0,100.0,1.4,1.1,60.0,60.0,2000.0,100.0,1.4,3.0,90.0,90.0,2.3259,0.6548,139.9,5.89,145.79
140.0,500,120,455.139,100.0,1.4,1.1,60.0,65.0,50.0,100.0,1.4,1.1,60.0,60.0,2000.0,100.0,1.4,3.0,90.0,90.0,2.3775,0.6456,139.9,7.03,146.92
145.0,400,0,593.7166,100.0,1.4,1.1,60.0,65.0,50.0,100.0,1.4,1.1,60.0,60.0,2000.0,100.0,1.4,3.0,90.0,90.0,2.4811,0.615,144.89,1.15,146.04
145.0,400,20,592.8193,100.0,1.4,1.1,60.0001,65.0001,50.0,100.0,1.4,1.1,60.0,60.0,2000.0,100.0,1.4,3.0,90.0,90.0,2.4773,0.6201,144.89,2.16,147.05
145.0,400,40,603.6166,100.0,1.4,1.1,60.0,65.0,50.0,100.0,1.4,1.1,60.0,60.0,2000.0,100.0,1.4,3.0,90.0,90.0,2.5224,0.6135,144.89,3.24,148.12
145.0,400,60,613.001,100.0,1.4,1.1,60.0,65.0,50.0,100.0,1.4,1.1,60.0,60.0,2000.0,100.0,1.4,3.0,90.0,90.0,2.5617,0.6086,144.88,4.35,149.23
30.0,450,40,91.9331,100.0,1.4,1.1,60.0,65.0001,50.0,100.0,1.4,1.1,60.0,60.0,2000.0,100.0,1.4,3.0,90.0,90.0,0.4322,0.7368,29.93,0.55,30.48
145.0,400,80,617.4937,100.0,1.4,1.1,60.0,65.0,50.0,100.0,1.4,1.1,60.0,60.0,2000.0,100.0,1.4,3.0,90.0,90.0,2.5804,0.6087,144.88,5.45,150.34
145.0,400,100,621.7616,100.0,1.4,1.1,60.0,65.0001,50.0,100.0,1.4,1.1,60.0,60.0,2000.0,100.0,1.4,3.0,90.0,90.0,2.5983,0.609,144.88,6.58,151.46
145.0,400,120,629.8976,100.0,1.4,1.1,60.0,65.0,50.0,100.0,1.4,1.1,60.0,60.0,2000.0,100.0,1.4,3.0,90.0,90.0,2.6323,0.6059,144.88,7.78,152.66
145.0,450,0,512.9421,100.0,1.4,1.1,60.0,65.0001,50.0,100.0,1.4,1.1,60.0,60.0,2000.0,100.0,1.4,3.0,90.0,90.0,2.4115,0.6326,144.9,1.12,146.02
145.0,450,20,513.4811,100.0,1.4,1.1,60.0,65.0,50.0,100.0,1.4,1.1,60.0,60.0,2000.0,100.0,1.4,3.0,90.0,90.0,2.414,0.6362,144.89,2.1,147.0
145.0,450,40,519.9861,100.0,1.4,1.1,60.0,65.0,50.0,100.0,1.4,1.1,60.0,60.0,2000.0,100.0,1.4,3.0,90.0,90.0,2.4446,0.6326,144.89,3.14,148.03
145.0,450,60,517.5517,100.0,1.4,1.1,60.0,65.0001,50.0,100.0,1.4,1.1,60.0,60.0,2000.0,100.0,1.4,3.0,90.0,90.0,2.4331,0.6399,144.9,4.13,149.02
145.0,450,80,537.6155,100.0,1.4,1.1,60.0,65.0,50.0,100.0,1.4,1.1,60.0,60.0,2000.0,100.0,1.4,3.0,90.0,90.0,2.5275,0.621,144.89,5.34,150.23
145.0,450,100,529.4986,100.0,1.4,1.1,60.0,65.0001,50.0,100.0,1.4,1.1,60.0,60.0,2000.0,100.0,1.4,3.0,90.0,90.0,2.4893,0.6346,144.89,6.3,151.2
145.0,450,120,542.9345,100.0,1.4,1.1,60.0,65.0,50.0,100.0,1.4,1.1,60.0,60.0,2000.0,100.0,1.4,3.0,90.0,90.0,2.5525,0.6239,144.89,7.54,152.43
30.0,450,60,92.7507,100.0,1.4,1.1,60.0001,65.0001,50.0,100.0,1.4,1.1,60.0,60.0,2000.0,100.0,1.4,3.0,90.0,90.0,0.436,0.7347,29.92,0.74,30.66
145.0,500,0,452.2439,100.0,1.4,1.1,60.0,65.0001,50.0,100.0,1.4,1.1,60.0,60.0,2000.0,100.0,1.4,3.0,90.0,90.0,2.3623,0.6457,144.9,1.1,146.0
145.0,500,20,451.5522,100.0,1.4,1.1,60.0,65.0,50.0,100.0,1.4,1.1,60.0,60.0,2000.0,100.0,1.4,3.0,90.0,90.0,2.3587,0.6509,144.9,2.06,146.96
145.0,500,40,455.8991,100.0,1.4,1.1,60.0,65.0,50.0,100.0,1.4,1.1,60.0,60.0,2000.0,100.0,1.4,3.0,90.0,90.0,2.3814,0.6491,144.9,3.05,147.95
145.0,500,60,458.6456,100.0,1.4,1.1,60.0,65.0001,50.0,100.0,1.4,1.1,60.0,60.0,2000.0,100.0,1.4,3.0,90.0,90.0,2.3958,0.6496,144.9,4.06,148.96
145.0,500,80,462.6691,100.0,1.4,1.1,60.0,65.0,50.0,100.0,1.4,1.1,60.0,60.0,2000.0,100.0,1.4,3.0,90.0,90.0,2.4168,0.6484,144.9,5.11,150.01
145.0,500,100,467.0032,100.0,1.4,1.1,60.0,65.0001,50.0,100.0,1.4,1.1,60.0,60.0,2000.0,100.0,1.4,3.0,90.0,90.0,2.4394,0.647,144.9,6.18,151.07
145.0,500,120,470.9858,100.0,1.4,1.1,60.0,65.0001,50.0,100.0,1.4,1.1,60.0,60.0,2000.0,100.0,1.4,3.0,90.0,90.0,2.4602,0.6462,144.9,7.27,152.17
150.0,400,0,621.3518,100.0,1.4,1.1,60.0001,65.0001,50.0,100.0,1.4,1.1,60.0,60.0,2000.0,100.0,1.4,3.0,90.0,90.0,2.5966,0.6079,149.89,1.2,151.09
150.0,400,20,629.1369,100.0,1.4,1.1,60.0,65.0,50.0,100.0,1.4,1.1,60.0,60.0,2000.0,100.0,1.4,3.0,90.0,90.0,2.6291,0.6047,149.89,2.29,152.18
150.0,400,40,630.8567,100.0,1.4,1.1,60.0,65.0,50.0,100.0,1.4,1.1,60.0,60.0,2000.0,100.0,1.4,3.0,90.0,90.0,2.6363,0.6074,149.89,3.38,153.27
30.0,450,80,92.6585,100.0,1.4,1.1,60.0,65.0002,50.0,100.0,1.4,1.1,60.0,60.0,2000.0,100.0,1.4,3.0,90.0,90.0,0.4356,0.7398,29.92,0.92,30.85
150.0,400,60,628.0459,100.0,1.4,1.1,60.0,65.0,50.0,100.0,1.4,1.1,60.0,60.0,2000.0,100.0,1.4,3.0,90.0,90.0,2.6245,0.6144,149.89,4.45,154.34
150.0,400,80,638.4796,100.0,1.4,1.1,60.0,65.0,50.0,100.0,1.4,1.1,60.0,60.0,2000.0,100.0,1.4,3.0,90.0,90.0,2.6681,0.609,149.89,5.64,155.52
150.0,400,100,654.438,100.0,1.4,1.1,60.0,65.0,50.0,100.0,1.4,1.1,60.0,60.0,2000.0,100.0,1.4,3.0,90.0,90.0,2.7348,0.599,149.88,6.93,156.81
150.0,400,120,655.2368,100.0,1.4,1.1,60.0,65.0,50.0,100.0,1.4,1.1,60.0,60.0,2000.0,100.0,1.4,3.0,90.0,90.0,2.7382,0.6027,149.88,8.09,157.97
150.0,450,0,539.588,100.0,1.4,1.1,60.0,65.0,50.0,100.0,1.4,1.1,60.0,60.0,2000.0,100.0,1.4,3.0,90.0,90.0,2.5367,0.6222,149.89,1.18,151.07
150.0,450,20,534.9093,100.0,1.4,1.1,60.0,65.0001,50.0,100.0,1.4,1.1,60.0,60.0,2000.0,100.0,1.4,3.0,90.0,90.0,2.5147,0.6318,149.9,2.19,152.09
150.0,450,40,543.8499,100.0,1.4,1.1,60.0,65.0001,50.0,100.0,1.4,1.1,60.0,60.0,2000.0,100.0,1.4,3.0,90.0,90.0,2.5568,0.6259,149.89,3.28,153.17
150.0,450,60,549.2769,100.0,1.4,1.1,60.0,65.0,50.0,100.0,1.4,1.1,60.0,60.0,2000.0,100.0,1.4,3.0,90.0,90.0,2.5823,0.6241,149.89,4.38,154.27
150.0,450,80,551.3157,100.0,1.4,1.1,60.0001,65.0001,50.0,100.0,1.4,1.1,60.0,60.0,2000.0,100.0,1.4,3.0,90.0,90.0,2.5919,0.6262,149.89,5.48,155.37
150.0,450,100,565.3973,100.0,1.4,1.1,60.0,65.0,50.0,100.0,1.4,1.1,60.0,60.0,2000.0,100.0,1.4,3.0,90.0,90.0,2.6581,0.6156,149.89,6.73,156.62
30.0,450,100,93.8248,100.0,1.4,1.1,60.0,65.0,50.0,100.0,1.4,1.1,60.0,60.0,2000.0,100.0,1.4,3.0,90.0,90.0,0.4411,0.7352,29.92,1.12,31.04
150.0,450,120,561.4573,100.0,1.4,1.1,60.0,65.0,50.0,100.0,1.4,1.1,60.0,60.0,2000.0,100.0,1.4,3.0,90.0,90.0,2.6396,0.6241,149.89,7.8,157.69
150.0,500,0,464.4359,100.0,1.4,1.1,60.0,65.0,50.0,100.0,1.4,1.1,60.0,60.0,2000.0,100.0,1.4,3.0,90.0,90.0,2.426,0.6504,149.9,1.13,151.03
150.0,500,20,468.7247,100.0,1.4,1.1,60.0,65.0,50.0,100.0,1.4,1.1,60.0,60.0,2000.0,100.0,1.4,3.0,90.0,90.0,2.4484,0.6487,149.9,2.13,152.03
150.0,500,40,474.8079,100.0,1.4,1.1,60.0,65.0,50.0,100.0,1.4,1.1,60.0,60.0,2000.0,100.0,1.4,3.0,90.0,90.0,2.4802,0.6448,149.9,3.18,153.08
150.0,500,60,481.1169,100.0,1.4,1.1,60.0,65.0001,50.0,100.0,1.4,1.1,60.0,60.0,2000.0,100.0,1.4,3.0,90.0,90.0,2.5132,0.6408,149.9,4.26,154.16
150.0,500,80,486.9688,100.0,1.4,1.1,60.0,65.0,50.0,100.0,1.4,1.1,60.0,60.0,2000.0,100.0,1.4,3.0,90.0,90.0,2.5437,0.6377,149.89,5.37,155.27
150.0,500,100,486.4447,100.0,1.4,1.1,60.0,65.0001,50.0,100.0,1.4,1.1,60.0,60.0,2000.0,100.0,1.4,3.0,90.0,90.0,2.541,0.6427,149.89,6.44,156.33
150.0,500,120,490.9731,100.0,1.4,1.1,60.0,65.0,50.0,100.0,1.4,1.1,60.0,60.0,2000.0,100.0,1.4,3.0,90.0,90.0,2.5647,0.6415,149.89,7.58,157.47
155.0,400,0,635.772,100.0,1.4,1.1,60.0,65.0,50.0,100.0,1.4,1.1,60.0,60.0,2000.0,100.0,1.4,3.0,90.0,90.0,2.6568,0.6139,154.89,1.23,156.12
155.0,400,20,653.0861,100.0,1.4,1.1,60.0,65.0,50.0,100.0,1.4,1.1,60.0,60.0,2000.0,100.0,1.4,3.0,90.0,90.0,2.7292,0.602,154.89,2.38,157.26
30.0,450,120,93.7904,100.0,1.4,1.1,60.0,65.0001,50.0,100.0,1.4,1.1,60.0,60.0,2000.0,100.0,1.4,3.0,90.0,90.0,0.4409,0.7399,29.92,1.3,31.23
155.0,400,40,663.8426,100.0,1.4,1.1,60.0,65.0,50.0,100.0,1.4,1.1,60.0,60.0,2000.0,100.0,1.4,3.0,90.0,90.0,2.7741,0.5967,154.88,3.56,158.44
155.0,400,60,668.7519,100.0,1.4,3.0,60.0,65.0,50.0,100.0,1.4,1.1,60.0,60.0,2000.0,100.0,1.4,3.0,90.0,90.0,2.7946,0.6675,154.89,23.68,178.56
155.0,400,80,671.2278,100.0,1.4,1.1,60.0,65.0,50.0,100.0,1.4,1.1,60.0,60.0,2000.0,100.0,1.4,3.0,90.0,90.0,2.805,0.5989,154.88,5.93,160.81
155.0,400,100,678.4062,100.0,1.4,1.1,60.0,65.0001,50.0,100.0,1.4,1.1,60.0,60.0,2000.0,100.0,1.4,3.0,90.0,90.0,2.835,0.5972,154.88,7.18,162.06
155.0,400,120,688.1383,100.0,1.4,1.1,60.0,65.0001,50.0,100.0,1.4,1.1,60.0,60.0,2000.0,100.0,1.4,3.0,90.0,90.0,2.8757,0.5935,154.88,8.5,163.38
155.0,450,0,557.118,100.0,1.4,1.1,60.0,65.0,50.0,100.0,1.4,1.1,60.0,60.0,2000.0,100.0,1.4,3.0,90.0,90.0,2.6192,0.6227,154.89,1.22,156.11
155.0,450,20,564.7478,100.0,1.4,1.1,60.0,65.0001,50.0,100.0,1.4,1.1,60.0,60.0,2000.0,100.0,1.4,3.0,90.0,90.0,2.655,0.6186,154.89,2.31,157.21
155.0,450,40,562.9253,100.0,1.4,1.1,60.0,65.0,50.0,100.0,1.4,1.1,60.0,60.0,2000.0,100.0,1.4,3.0,90.0,90.0,2.6465,0.6248,154.89,3.39,158.28
155.0,450,60,571.0629,100.0,1.4,1.1,60.0,65.0,50.0,100.0,1.4,1.1,60.0,60.0,2000.0,100.0,1.4,3.0,90.0,90.0,2.6847,0.6204,154.89,4.55,159.44
155.0,450,80,576.298,100.0,1.4,1.1,60.0001,65.0002,50.0,100.0,1.4,1.1,60.0,60.0,2000.0,100.0,1.4,3.0,90.0,90.0,2.7093,0.6193,154.89,5.72,160.61
30.0,500,0,81.2967,100.0,1.4,1.1,60.0,65.0,50.0,100.0,1.4,1.1,60.0,60.0,2000.0,100.0,1.4,3.0,90.0,90.0,0.4247,0.7411,29.93,0.2,30.12
155.0,450,100,573.749,100.0,1.4,1.1,60.0,65.0,50.0,100.0,1.4,1.1,60.0,60.0,2000.0,100.0,1.4,3.0,90.0,90.0,2.6973,0.6264,154.89,6.83,161.72
155.0,450,120,587.779,100.0,1.4,1.1,60.0,65.0,50.0,100.0,1.4,1.1,60.0,60.0,2000.0,100.0,1.4,3.0,90.0,90.0,2.7633,0.6165,154.88,8.17,163.05
155.0,500,0,492.1123,100.0,1.4,1.1,60.0,65.0,50.0,100.0,1.4,1.1,60.0,60.0,2000.0,100.0,1.4,3.0,90.0,90.0,2.5706,0.6344,154.9,1.19,156.09
155.0,500,20,493.2873,100.0,1.4,1.1,60.0,65.0,50.0,100.0,1.4,1.1,60.0,60.0,2000.0,100.0,1.4,3.0,90.0,90.0,2.5767,0.6371,154.9,2.25,157.15
155.0,500,40,497.8613,100.0,1.4,1.1,60.0001,65.0001,50.0,100.0,1.4,1.1,60.0,60.0,2000.0,100.0,1.4,3.0,90.0,90.0,2.6006,0.6356,154.9,3.34,158.23
155.0,500,60,501.5471,100.0,1.4,1.1,60.0,65.0001,50.0,100.0,1.4,1.1,60.0,60.0,2000.0,100.0,1.4,3.0,90.0,90.0,2.6199,0.6354,154.89,4.44,159.34
155.0,500,80,513.0386,100.0,1.4,2.4649,60.0,65.0,50.0,100.0,1.4,1.1,60.0,60.0,2000.0,100.0,1.4,3.0,90.0,90.0,2.6799,0.6816,154.89,19.95,174.84
155.0,500,100,506.5414,100.0,1.4,1.1,60.0002,65.0003,50.0,100.0,1.4,1.1,60.0,60.0,2000.0,100.0,1.4,3.0,90.0,90.0,2.646,0.638,154.89,6.7,161.6
155.0,500,120,515.7945,100.0,1.4,1.1,60.0,65.0,50.0,100.0,1.4,1.1,60.0,60.0,2000.0,100.0,1.4,3.0,90.0,90.0,2.6943,0.6315,154.89,7.96,162.85
160.0,400,0,675.1854,100.0,1.4,1.1,60.0,65.0,50.0,100.0,1.4,1.1,60.0,60.0,2000.0,100.0,1.4,3.0,90.0,90.0,2.8215,0.5969,159.89,1.31,161.19
30.0,500,20,81.6648,100.0,1.4,1.1,60.0,65.0001,50.0,100.0,1.4,1.1,60.0,60.0,2000.0,100.0,1.4,3.0,90.0,90.0,0.4266,0.742,29.93,0.37,30.3
160.0,400,20,678.9984,100.0,1.4,1.1,60.0,65.0,50.0,100.0,1.4,1.1,60.0,60.0,2000.0,100.0,1.4,3.0,90.0,90.0,2.8375,0.5978,159.88,2.47,162.36
160.0,400,40,694.9717,100.0,1.4,1.1,60.0,65.0,50.0,100.0,1.4,1.1,60.0,60.0,2000.0,100.0,1.4,3.0,90.0,90.0,2.9042,0.5885,159.88,3.73,163.61
160.0,400,60,697.9615,100.0,1.4,1.1,60.0,65.0,50.0,100.0,1.4,1.1,60.0,60.0,2000.0,100.0,1.4,3.0,90.0,90.0,2.9167,0.5904,159.88,4.95,164.83
160.0,400,80,695.6084,100.0,1.4,1.1,60.0,65.0,50.0,100.0,1.4,1.1,60.0,60.0,2000.0,100.0,1.4,3.0,90.0,90.0,2.9069,0.5967,159.88,6.14,166.02
160.0,400,100,710.8076,100.0,1.4,1.1,60.0,65.0,50.0,100.0,1.4,1.1,60.0,60.0,2000.0,100.0,1.4,3.0,90.0,90.0,2.9704,0.5888,159.88,7.52,167.4
160.0,400,120,712.5083,100.0,1.4,1.1,60.0,65.0001,50.0,100.0,1.4,1.1,60.0,60.0,2000.0,100.0,1.4,3.0,90.0,90.0,2.9775,0.5918,159.88,8.8,168.68
160.0,450,0,579.2924,100.0,1.4,1.1,60.0,65.0,50.0,100.0,1.4,1.1,60.0,60.0,2000.0,100.0,1.4,3.0,90.0,90.0,2.7234,0.6182,159.89,1.26,161.16
160.0,450,20,586.6522,100.0,1.4,1.1,60.0,65.0,50.0,100.0,1.4,1.1,60.0,60.0,2000.0,100.0,1.4,3.0,90.0,90.0,2.758,0.6148,159.89,2.4,162.29
160.0,450,40,582.8338,100.0,1.4,1.1,60.0,65.0,50.0,100.0,1.4,1.1,60.0,60.0,2000.0,100.0,1.4,3.0,90.0,90.0,2.74,0.623,159.89,3.51,163.4
160.0,450,60,599.0473,100.0,1.4,1.1,60.0,65.0,50.0,100.0,1.4,1.1,60.0,60.0,2000.0,100.0,1.4,3.0,90.0,90.0,2.8163,0.6108,159.89,4.78,164.67
30.0,500,40,81.9896,100.0,1.4,1.1,60.0,65.0,50.0,100.0,1.4,1.1,60.0,60.0,2000.0,100.0,1.4,3.0,90.0,90.0,0.4283,0.7434,29.93,0.55,30.48
20.0,400,80,69.144,100.0,1.4,1.1,60.0,65.0,50.0,100.0,1.4,1.1,60.0,60.0,2000.0,100.0,1.4,3.0,90.0,90.0,0.2889,0.7425,19.93,0.61,20.54
160.0,450,80,596.4973,100.0,1.4,1.1,60.0,65.0,50.0,100.0,1.4,1.1,60.0,60.0,2000.0,100.0,1.4,3.0,90.0,90.0,2.8043,0.6177,159.89,5.93,165.81
160.0,450,100,599.4453,100.0,1.4,1.1,60.0,65.0,50.0,100.0,1.4,1.1,60.0,60.0,2000.0,100.0,1.4,3.0,90.0,90.0,2.8181,0.6192,159.89,7.14,167.02
160.0,450,120,617.6174,100.0,1.4,1.1,60.0,65.0001,50.0,100.0,1.4,1.1,60.0,60.0,2000.0,100.0,1.4,3.0,90.0,90.0,2.9036,0.6061,159.88,8.58,168.46
160.0,500,0,505.1864,100.0,1.4,1.1,60.0,65.0001,50.0,100.0,1.4,1.1,60.0,60.0,2000.0,100.0,1.4,3.0,90.0,90.0,2.6389,0.6379,159.9,1.22,161.12
160.0,500,20,512.7428,100.0,1.4,1.1,60.0,65.0,50.0,100.0,1.4,1.1,60.0,60.0,2000.0,100.0,1.4,3.0,90.0,90.0,2.6784,0.6328,159.89,2.34,162.23
160.0,500,40,512.2306,100.0,1.4,1.1,60.0,65.0,50.0,100.0,1.4,1.1,60.0,60.0,2000.0,100.0,1.4,3.0,90.0,90.0,2.6757,0.6377,159.9,3.43,163.33
160.0,500,60,519.6738,100.0,1.4,1.1,60.0,65.0,50.0,100.0,1.4,1.1,60.0,60.0,2000.0,100.0,1.4,3.0,90.0,90.0,2.7146,0.6331,159.9,4.6,164.5
160.0,500,80,522.3089,100.0,1.4,1.1,60.0,65.0,50.0,100.0,1.4,1.1,60.0,60.0,2000.0,100.0,1.4,3.0,90.0,90.0,2.7283,0.6343,159.89,5.76,165.66
160.0,500,100,532.308,100.0,1.4,1.1,60.0,65.0,50.0,100.0,1.4,1.1,60.0,60.0,2000.0,100.0,1.4,3.0,90.0,90.0,2.7806,0.6272,159.89,7.04,166.93
160.0,500,120,538.1868,100.0,1.4,1.1,60.0,65.0001,50.0,100.0,1.4,1.1,60.0,60.0,2000.0,100.0,1.4,3.0,90.0,90.0,2.8113,0.6251,159.89,8.31,168.2
30.0,500,60,82.8144,100.0,1.4,1.1,60.0,65.0004,50.0,100.0,1.4,1.1,60.0,60.0,2000.0,100.0,1.4,3.0,90.0,90.0,0.4326,0.7404,29.93,0.73,30.66
165.0,400,0,707.5069,100.0,1.4,1.1,60.0,65.0,50.0,100.0,1.4,1.1,60.0,60.0,2000.0,100.0,1.4,3.0,90.0,90.0,2.9566,0.5875,164.88,1.37,166.25
165.0,400,20,714.5506,100.0,1.4,3.0,60.0,65.0001,50.0,100.0,1.4,1.1,60.0,60.0,2000.0,100.0,1.4,3.0,90.0,90.0,2.986,0.6558,164.89,22.56,187.45
165.0,400,40,724.3508,100.0,1.4,1.1,60.0,65.0,50.0,100.0,1.4,1.1,60.0,60.0,2000.0,100.0,1.4,3.0,90.0,90.0,3.027,0.5825,164.88,3.88,168.76
165.0,400,60,718.138,100.0,1.4,1.1,60.0,65.0,50.0,100.0,1.4,1.1,60.0,60.0,2000.0,100.0,1.4,3.0,90.0,90.0,3.001,0.5917,164.88,5.09,169.97
165.0,400,80,738.1671,100.0,1.4,1.1,60.0,65.0,50.0,100.0,1.4,1.1,60.0,60.0,2000.0,100.0,1.4,3.0,90.0,90.0,3.0847,0.5805,164.87,6.52,171.39
165.0,400,100,733.0921,100.0,1.4,1.1,60.0,65.0,50.0,100.0,1.4,1.1,60.0,60.0,2000.0,100.0,1.4,3.0,90.0,90.0,3.0635,0.5887,164.88,7.76,172.64
165.0,400,120,753.454,100.0,1.4,3.0,60.0,65.0001,50.0,100.0,1.4,1.1,60.0,60.0,2000.0,100.0,1.4,3.0,90.0,90.0,3.1486,0.6503,164.88,31.11,195.99
165.0,450,0,598.8741,100.0,1.4,1.1,60.0,65.0,50.0,100.0,1.4,1.1,60.0,60.0,2000.0,100.0,1.4,3.0,90.0,90.0,2.8155,0.6167,164.89,1.31,166.2
165.0,450,20,610.0304,100.0,1.4,1.1,60.0,65.0,50.0,100.0,1.4,1.1,60.0,60.0,2000.0,100.0,1.4,3.0,90.0,90.0,2.8679,0.6098,164.89,2.5,167.39
165.0,450,40,618.9317,100.0,1.4,1.1,60.0,65.0,50.0,100.0,1.4,1.1,60.0,60.0,2000.0,100.0,1.4,3.0,90.0,90.0,2.9098,0.6054,164.88,3.73,168.62
30.0,500,80,83.2176,100.0,1.4,1.1,60.0001,65.0001,50.0,100.0,1.4,1.1,60.0,60.0,2000.0,100.0,1.4,3.0,90.0,90.0,0.4347,0.7413,29.93,0.92,30.84
165.0,450,60,625.4479,100.0,1.4,1.1,60.0,65.0001,50.0,100.0,1.4,1.1,60.0,60.0,2000.0,100.0,1.4,3.0,90.0,90.0,2.9404,0.6036,164.88,4.99,169.87
165.0,450,80,620.1904,100.0,1.4,1.1,60.0,65.0001,50.0,100.0,1.4,1.1,60.0,60.0,2000.0,100.0,1.4,3.0,90.0,90.0,2.9157,0.6129,164.89,6.16,171.05
165.0,450,100,632.258,100.0,1.4,1.1,60.0,65.0,50.0,100.0,1.4,1.1,60.0,60.0,2000.0,100.0,1.4,3.0,90.0,90.0,2.9724,0.606,164.88,7.53,172.41
165.0,450,120,643.1485,100.0,1.4,1.1,60.0001,65.0001,50.0,100.0,1.4,1.1,60.0,60.0,2000.0,100.0,1.4,3.0,90.0,90.0,3.0236,0.6006,164.88,8.94,173.82
165.0,500,0,524.849,100.0,1.4,1.1,60.0,65.0001,50.0,100.0,1.4,1.1,60.0,60.0,2000.0,100.0,1.4,3.0,90.0,90.0,2.7416,0.6332,164.9,1.27,166.17
165.0,500,20,532.8359,100.0,1.4,1.1,60.0,65.0,50.0,100.0,1.4,1.1,60.0,60.0,2000.0,100.0,1.4,3.0,90.0,90.0,2.7833,0.628,164.89,2.43,167.32
165.0,500,40,538.4726,100.0,1.4,1.1,60.0,65.0,50.0,100.0,1.4,1.1,60.0,60.0,2000.0,100.0,1.4,3.0,90.0,90.0,2.8128,0.6258,164.89,3.61,168.5
165.0,500,60,540.0286,100.0,1.4,1.1,60.0001,65.0001,50.0,100.0,1.4,1.1,60.0,60.0,2000.0,100.0,1.4,3.0,90.0,90.0,2.8209,0.6284,164.89,4.79,169.68
165.0,500,80,545.4217,100.0,1.4,1.1,60.0,65.0,50.0,100.0,1.4,1.1,60.0,60.0,2000.0,100.0,1.4,3.0,90.0,90.0,2.8491,0.6267,164.89,6.02,170.91
165.0,500,100,540.4126,100.0,1.4,1.1,60.0,65.0001,50.0,100.0,1.4,1.1,60.0,60.0,2000.0,100.0,1.4,3.0,90.0,90.0,2.8229,0.6367,164.89,7.15,172.04
30.0,500,100,83.9904,100.0,1.4,1.1,60.0,65.0001,50.0,100.0,1.4,1.1,60.0,60.0,2000.0,100.0,1.4,3.0,90.0,90.0,0.4387,0.739,29.92,1.11,31.04
165.0,500,120,549.0728,100.0,1.4,1.1,60.0,65.0,50.0,100.0,1.4,1.1,60.0,60.0,2000.0,100.0,1.4,3.0,90.0,90.0,2.8681,0.6315,164.89,8.48,173.37
170.0,400,0,734.0741,100.0,1.4,3.0,60.0001,65.0001,50.0,100.0,1.4,1.1,60.0,60.0,2000.0,100.0,1.4,3.0,90.0,90.0,3.0676,0.6528,169.89,21.79,191.68
170.0,400,20,738.6329,100.0,1.4,1.1,60.0,65.0,50.0,100.0,1.4,1.1,60.0,60.0,2000.0,100.0,1.4,3.0,90.0,90.0,3.0867,0.5841,169.88,2.69,172.57
170.0,400,40,731.3877,100.0,1.4,1.1,60.0,65.0,50.0,100.0,1.4,1.1,60.0,60.0,2000.0,100.0,1.4,3.0,90.0,90.0,3.0564,0.5941,169.88,3.92,173.81
170.0,400,60,759.2603,100.0,1.4,1.1,60.0,65.0,50.0,100.0,1.4,1.1,60.0,60.0,2000.0,100.0,1.4,3.0,90.0,90.0,3.1729,0.5771,169.88,5.38,175.26
170.0,400,80,747.898,100.0,1.4,1.1,60.0,65.0,50.0,100.0,1.4,1.1,60.0,60.0,2000.0,100.0,1.4,3.0,90.0,90.0,3.1254,0.5899,169.88,6.6,176.49
170.0,400,100,765.8907,100.0,1.4,3.0,60.0,65.0,50.0,100.0,1.4,1.1,60.0,60.0,2000.0,100.0,1.4,3.0,90.0,90.0,3.2006,0.6528,169.88,30.11,199.99
170.0,400,120,778.4739,100.0,1.4,1.1,60.0,65.0,50.0,100.0,1.4,1.1,60.0,60.0,2000.0,100.0,1.4,3.0,90.0,90.0,3.2532,0.5764,169.87,9.62,179.49
170.0,450,0,630.0284,100.0,1.4,1.1,60.0,65.0,50.0,100.0,1.4,1.1,60.0,60.0,2000.0,100.0,1.4,3.0,90.0,90.0,2.9619,0.6041,169.89,1.37,171.26
170.0,450,20,639.5436,100.0,1.4,1.1,60.0,65.0,50.0,100.0,1.4,1.1,60.0,60.0,2000.0,100.0,1.4,3.0,90.0,90.0,3.0067,0.5994,169.88,2.62,172.5
30.0,500,120,84.6575,100.0,1.4,1.1,60.0001,65.0001,50.0,100.0,1.4,1.1,60.0,60.0,2000.0,100.0,1.4,3.0,90.0,90.0,0.4422,0.7378,29.92,1.31,31.23
170.0,450,40,641.7821,100.0,1.4,1.1,60.0,65.0001,50.0,100.0,1.4,1.1,60.0,60.0,2000.0,100.0,1.4,3.0,90.0,90.0,3.0172,0.6016,169.88,3.87,173.75
170.0,450,60,648.5677,100.0,1.4,1.1,60.0,65.0,50.0,100.0,1.4,1.1,60.0,60.0,2000.0,100.0,1.4,3.0,90.0,90.0,3.0491,0.5998,169.88,5.17,175.05
170.0,450,80,653.3184,100.0,1.4,1.1,60.0001,65.0001,50.0,100.0,1.4,1.1,60.0,60.0,2000.0,100.0,1.4,3.0,90.0,90.0,3.0714,0.5999,169.88,6.49,176.37
170.0,450,100,661.8706,100.0,1.4,1.1,60.0,65.0001,50.0,100.0,1.4,1.1,60.0,60.0,2000.0,100.0,1.4,3.0,90.0,90.0,3.1116,0.5968,169.88,7.88,177.76
170.0,450,120,669.1399,100.0,1.4,1.1,60.0001,65.0001,50.0,100.0,1.4,1.1,60.0,60.0,2000.0,100.0,1.4,3.0,90.0,90.0,3.1458,0.595,169.88,9.3,179.17
170.0,500,0,550.6081,100.0,1.4,1.1,60.0,65.0001,50.0,100.0,1.4,1.1,60.0,60.0,2000.0,100.0,1.4,3.0,90.0,90.0,2.8762,0.622,169.89,1.33,171.23
170.0,500,20,553.964,100.0,1.4,1.1,60.0,65.0001,50.0,100.0,1.4,1.1,60.0,60.0,2000.0,100.0,1.4,3.0,90.0,90.0,2.8937,0.6225,169.89,2.52,172.42
170.0,500,40,560.0617,100.0,1.4,1.1,60.0,65.0001,50.0,100.0,1.4,1.1,60.0,60.0,2000.0,100.0,1.4,3.0,90.0,90.0,2.9255,0.6201,169.89,3.75,173.64
170.0,500,60,566.7,100.0,1.4,1.1,60.0,65.0001,50.0,100.0,1.4,1.1,60.0,60.0,2000.0,100.0,1.4,3.0,90.0,90.0,2.9602,0.6173,169.89,5.02,174.91
170.0,500,80,566.2707,100.0,1.4,1.1,60.0,65.0001,50.0,100.0,1.4,1.1,60.0,60.0,2000.0,100.0,1.4,3.0,90.0,90.0,2.958,0.6221,169.89,6.25,176.14
35.0,400,0,120.1707,100.0,1.4,1.1,60.0,65.0,50.0,100.0,1.4,1.1,60.0,60.0,2000.0,100.0,1.4,3.0,90.0,90.0,0.5022,0.7314,34.93,0.23,35.16
170.0,500,100,568.9347,100.0,1.4,1.1,60.0,65.0001,50.0,100.0,1.4,1.1,60.0,60.0,2000.0,100.0,1.4,3.0,90.0,90.0,2.9719,0.6237,169.89,7.53,177.41
170.0,500,120,578.5698,100.0,1.4,1.1,60.0,65.0001,50.0,100.0,1.4,1.1,60.0,60.0,2000.0,100.0,1.4,3.0,90.0,90.0,3.0222,0.6181,169.88,8.93,178.82
175.0,400,0,759.0454,100.0,1.4,3.0,60.0001,65.0001,50.0,100.0,1.4,1.1,60.0,60.0,2000.0,100.0,1.4,3.0,90.0,90.0,3.172,0.6502,174.89,22.53,197.42
175.0,400,20,759.7589,100.0,1.4,1.1,60.0,65.0,50.0,100.0,1.4,1.1,60.0,60.0,2000.0,100.0,1.4,3.0,90.0,90.0,3.1749,0.5846,174.88,2.77,177.65
175.0,400,40,774.064,100.0,1.4,3.0,60.0,65.0001,50.0,100.0,1.4,1.1,60.0,60.0,2000.0,100.0,1.4,3.0,90.0,90.0,3.2347,0.6485,174.88,25.92,200.8
175.0,400,60,785.3093,100.0,1.4,1.1,60.0,65.0,50.0,100.0,1.4,1.1,60.0,60.0,2000.0,100.0,1.4,3.0,90.0,90.0,3.2817,0.5744,174.88,5.57,180.45
175.0,400,80,791.532,100.0,1.4,1.1,60.0,65.0001,50.0,100.0,1.4,1.1,60.0,60.0,2000.0,100.0,1.4,3.0,90.0,90.0,3.3077,0.5744,174.88,6.99,181.87
175.0,400,100,788.6071,100.0,1.4,1.1,60.0,65.0,50.0,100.0,1.4,1.1,60.0,60.0,2000.0,100.0,1.4,3.0,90.0,90.0,3.2955,0.5808,174.88,8.35,183.22
175.0,400,120,803.498,100.0,1.4,1.1,60.0,65.0001,50.0,100.0,1.4,1.1,60.0,60.0,2000.0,100.0,1.4,3.0,90.0,90.0,3.3577,0.575,174.88,9.93,184.8
175.0,450,0,650.1145,100.0,1.4,1.1,60.0,65.0001,50.0,100.0,1.4,1.1,60.0,60.0,2000.0,100.0,1.4,3.0,90.0,90.0,3.0564,0.6026,174.89,1.42,176.3
35.0,400,20,121.5888,100.0,1.4,1.1,60.0,65.0,50.0,100.0,1.4,1.1,60.0,60.0,2000.0,100.0,1.4,3.0,90.0,90.0,0.5081,0.7272,34.93,0.44,35.37
175.0,450,20,660.765,100.0,1.4,1.1,60.0,65.0001,50.0,100.0,1.4,1.1,60.0,60.0,2000.0,100.0,1.4,3.0,90.0,90.0,3.1064,0.5973,174.88,2.71,177.59
175.0,450,40,667.3912,100.0,1.4,1.1,60.0,65.0,50.0,100.0,1.4,1.1,60.0,60.0,2000.0,100.0,1.4,3.0,90.0,90.0,3.1376,0.5957,174.88,4.02,178.91
175.0,450,60,664.7846,100.0,1.4,1.1,60.0,65.0001,50.0,100.0,1.4,1.1,60.0,60.0,2000.0,100.0,1.4,3.0,90.0,90.0,3.1253,0.6023,174.89,5.3,180.19
175.0,450,80,676.5439,100.0,1.4,1.1,60.0001,65.0001,50.0,100.0,1.4,1.1,60.0,60.0,2000.0,100.0,1.4,3.0,90.0,90.0,3.1806,0.5965,174.88,6.72,181.6
175.0,450,100,682.5261,100.0,1.4,1.1,60.0,65.0,50.0,100.0,1.4,1.1,60.0,60.0,2000.0,100.0,1.4,3.0,90.0,90.0,3.2087,0.5958,174.88,8.13,183.01
175.0,450,120,688.2494,100.0,1.4,1.1,60.0,65.0,50.0,100.0,1.4,1.1,60.0,60.0,2000.0,100.0,1.4,3.0,90.0,90.0,3.2356,0.5955,174.88,9.56,184.44
175.0,500,0,569.3654,100.0,1.4,1.1,60.0,65.0,50.0,100.0,1.4,1.1,60.0,60.0,2000.0,100.0,1.4,3.0,90.0,90.0,2.9741,0.6192,174.89,1.38,176.27
175.0,500,20,571.1181,100.0,1.4,1.1,60.0,65.0001,50.0,100.0,1.4,1.1,60.0,60.0,2000.0,100.0,1.4,3.0,90.0,90.0,2.9833,0.6216,174.89,2.6,177.49
175.0,500,40,579.4928,100.0,1.4,1.1,60.0,65.0,50.0,100.0,1.4,1.1,60.0,60.0,2000.0,100.0,1.4,3.0,90.0,90.0,3.027,0.617,174.89,3.88,178.77
175.0,500,60,589.1272,100.0,1.4,1.1,60.0,65.0,50.0,100.0,1.4,1.1,60.0,60.0,2000.0,100.0,1.4,3.0,90.0,90.0,3.0774,0.6114,174.89,5.22,180.11
35.0,400,40,121.8725,100.0,1.4,1.1,60.0,65.0001,50.0,100.0,1.4,1.1,60.0,60.0,2000.0,100.0,1.4,3.0,90.0,90.0,0.5093,0.7298,34.92,0.65,35.58
175.0,500,80,583.7044,100.0,1.4,1.1,60.0,65.0,50.0,100.0,1.4,1.1,60.0,60.0,2000.0,100.0,1.4,3.0,90.0,90.0,3.049,0.6213,174.89,6.44,181.33
175.0,500,100,592.4298,100.0,1.4,1.1,60.0,65.0,50.0,100.0,1.4,1.1,60.0,60.0,2000.0,100.0,1.4,3.0,90.0,90.0,3.0946,0.6169,174.89,7.84,182.73
175.0,500,120,604.5389,100.0,1.4,1.1,60.0,65.0,50.0,100.0,1.4,1.1,60.0,60.0,2000.0,100.0,1.4,3.0,90.0,90.0,3.1579,0.6094,174.88,9.33,184.22
35.0,400,60,121.7432,100.0,1.4,1.1,60.0001,65.0001,50.0,100.0,1.4,1.1,60.0,60.0,2000.0,100.0,1.4,3.0,90.0,90.0,0.5088,0.7349,34.92,0.86,35.79
35.0,400,80,122.6924,100.0,1.4,1.1,60.0002,65.0002,50.0,100.0,1.4,1.1,60.0,60.0,2000.0,100.0,1.4,3.0,90.0,90.0,0.5127,0.7337,34.92,1.08,36.01
35.0,400,100,123.9549,100.0,1.4,1.1,60.0,65.0,50.0,100.0,1.4,1.1,60.0,60.0,2000.0,100.0,1.4,3.0,90.0,90.0,0.518,0.7308,34.92,1.31,36.23
20.0,400,100,69.0432,100.0,1.4,1.1,60.0,65.0002,50.0,100.0,1.4,1.1,60.0,60.0,2000.0,100.0,1.4,3.0,90.0,90.0,0.2885,0.748,19.93,0.73,20.66
35.0,400,120,124.5747,100.0,1.4,1.1,60.0,65.0002,50.0,100.0,1.4,1.1,60.0,60.0,2000.0,100.0,1.4,3.0,90.0,90.0,0.5206,0.7317,34.92,1.54,36.46
35.0,450,0,106.3455,100.0,1.4,1.1,60.0001,65.0001,50.0,100.0,1.4,1.1,60.0,60.0,2000.0,100.0,1.4,3.0,90.0,90.0,0.5,0.7347,34.93,0.23,35.16
35.0,450,20,107.1089,100.0,1.4,1.1,60.0,65.0,50.0,100.0,1.4,1.1,60.0,60.0,2000.0,100.0,1.4,3.0,90.0,90.0,0.5035,0.7337,34.93,0.44,35.36
35.0,450,40,108.308,100.0,1.4,1.1,60.0001,65.0002,50.0,100.0,1.4,1.1,60.0,60.0,2000.0,100.0,1.4,3.0,90.0,90.0,0.5092,0.73,34.92,0.65,35.58
35.0,450,60,107.2204,100.0,1.4,1.1,60.0001,65.0001,50.0,100.0,1.4,1.1,60.0,60.0,2000.0,100.0,1.4,3.0,90.0,90.0,0.5041,0.7416,34.93,0.86,35.78
35.0,450,80,108.1029,100.0,1.4,1.1,60.0,65.0001,50.0,100.0,1.4,1.1,60.0,60.0,2000.0,100.0,1.4,3.0,90.0,90.0,0.5082,0.74,34.92,1.07,36.0
35.0,450,100,109.5132,100.0,1.4,1.1,60.0,65.0001,50.0,100.0,1.4,1.1,60.0,60.0,2000.0,100.0,1.4,3.0,90.0,90.0,0.5148,0.7351,34.92,1.3,36.23
35.0,450,120,109.6303,100.0,1.4,1.1,60.0,65.0001,50.0,100.0,1.4,1.1,60.0,60.0,2000.0,100.0,1.4,3.0,90.0,90.0,0.5154,0.7388,34.92,1.52,36.45
35.0,500,0,95.0817,100.0,1.4,1.1,60.0,65.0,50.0,100.0,1.4,1.1,60.0,60.0,2000.0,100.0,1.4,3.0,90.0,90.0,0.4967,0.7395,34.93,0.23,35.16
35.0,500,20,95.6344,100.0,1.4,1.1,60.0001,65.0002,50.0,100.0,1.4,1.1,60.0,60.0,2000.0,100.0,1.4,3.0,90.0,90.0,0.4996,0.7395,34.93,0.44,35.36
20.0,400,120,69.8936,100.0,1.4,1.1,60.0,65.0001,50.0,100.0,1.4,1.1,60.0,60.0,2000.0,100.0,1.4,3.0,90.0,90.0,0.2921,0.7436,19.93,0.86,20.79
35.0,500,40,96.655,100.0,1.4,1.1,60.0,65.0001,50.0,100.0,1.4,1.1,60.0,60.0,2000.0,100.0,1.4,3.0,90.0,90.0,0.5049,0.7361,34.93,0.65,35.57
35.0,500,60,97.0462,100.0,1.4,1.1,60.0,65.0001,50.0,100.0,1.4,1.1,60.0,60.0,2000.0,100.0,1.4,3.0,90.0,90.0,0.5069,0.7375,34.92,0.86,35.78
35.0,500,80,97.9301,100.0,1.4,1.1,60.0001,65.0002,50.0,100.0,1.4,1.1,60.0,60.0,2000.0,100.0,1.4,3.0,90.0,90.0,0.5115,0.7353,34.92,1.08,36.0
35.0,500,100,98.272,100.0,1.4,1.1,60.0,65.0001,50.0,100.0,1.4,1.1,60.0,60.0,2000.0,100.0,1.4,3.0,90.0,90.0,0.5133,0.7372,34.92,1.3,36.22
35.0,500,120,99.4256,100.0,1.4,1.1,60.0001,65.0001,50.0,100.0,1.4,1.1,60.0,60.0,2000.0,100.0,1.4,3.0,90.0,90.0,0.5194,0.7334,34.92,1.54,36.46
40.0,400,0,137.7239,100.0,1.4,1.1,60.0,65.0001,50.0,100.0,1.4,1.1,60.0,60.0,2000.0,100.0,1.4,3.0,90.0,90.0,0.5755,0.7296,39.92,0.27,40.19
40.0,400,20,139.4488,100.0,1.4,1.1,60.0,65.0002,50.0,100.0,1.4,1.1,60.0,60.0,2000.0,100.0,1.4,3.0,90.0,90.0,0.5827,0.7249,39.92,0.51,40.43
40.0,400,40,140.2169,100.0,1.4,1.1,60.0,65.0,50.0,100.0,1.4,1.1,60.0,60.0,2000.0,100.0,1.4,3.0,90.0,90.0,0.586,0.7252,39.92,0.75,40.67
40.0,400,60,140.4961,100.0,1.4,1.1,60.0,65.0,50.0,100.0,1.4,1.1,60.0,60.0,2000.0,100.0,1.4,3.0,90.0,90.0,0.5871,0.7281,39.92,1.0,40.92
40.0,400,80,141.4888,100.0,1.4,1.1,60.0,65.0,50.0,100.0,1.4,1.1,60.0,60.0,2000.0,100.0,1.4,3.0,90.0,90.0,0.5913,0.7275,39.92,1.25,41.17
20.0,450,0,59.7857,100.0,1.4,1.1,60.0001,65.0001,50.0,100.0,1.4,1.1,60.0,60.0,2000.0,100.0,1.4,3.0,90.0,90.0,0.2811,0.7456,19.93,0.13,20.06
40.0,400,100,143.0575,100.0,1.4,1.1,60.0001,65.0001,50.0,100.0,1.4,1.1,60.0,60.0,2000.0,100.0,1.4,3.0,90.0,90.0,0.5978,0.7241,39.92,1.51,41.44
40.0,400,120,143.6834,100.0,1.4,1.1,60.0,65.0,50.0,100.0,1.4,1.1,60.0,60.0,2000.0,100.0,1.4,3.0,90.0,90.0,0.6004,0.7255,39.92,1.77,41.7
40.0,450,0,122.1439,100.0,1.4,1.1,60.0,65.0001,50.0,100.0,1.4,1.1,60.0,60.0,2000.0,100.0,1.4,3.0,90.0,90.0,0.5742,0.7312,39.93,0.27,40.19
40.0,450,20,123.2045,100.0,1.4,1.1,60.0,65.0001,50.0,100.0,1.4,1.1,60.0,60.0,2000.0,100.0,1.4,3.0,90.0,90.0,0.5792,0.7292,39.92,0.51,40.43
40.0,450,40,123.5711,100.0,1.4,1.1,60.0001,65.0001,50.0,100.0,1.4,1.1,60.0,60.0,2000.0,100.0,1.4,3.0,90.0,90.0,0.5809,0.7314,39.92,0.75,40.67
40.0,450,60,123.8389,100.0,1.4,1.1,60.0,65.0001,50.0,100.0,1.4,1.1,60.0,60.0,2000.0,100.0,1.4,3.0,90.0,90.0,0.5822,0.7341,39.92,0.99,40.91
40.0,450,80,125.032,100.0,1.4,1.1,60.0,65.0,50.0,100.0,1.4,1.1,60.0,60.0,2000.0,100.0,1.4,3.0,90.0,90.0,0.5878,0.7316,39.92,1.24,41.17
40.0,450,100,126.7083,100.0,1.4,1.1,60.0001,65.0001,50.0,100.0,1.4,1.1,60.0,60.0,2000.0,100.0,1.4,3.0,90.0,90.0,0.5957,0.7266,39.92,1.51,41.43
40.0,450,120,126.997,100.0,1.4,1.1,60.0001,65.0001,50.0,100.0,1.4,1.1,60.0,60.0,2000.0,100.0,1.4,3.0,90.0,90.0,0.597,0.7294,39.92,1.76,41.69
40.0,500,0,109.8876,100.0,1.4,1.1,60.0001,65.0001,50.0,100.0,1.4,1.1,60.0,60.0,2000.0,100.0,1.4,3.0,90.0,90.0,0.574,0.7315,39.93,0.27,40.19
20.0,450,20,60.262,100.0,1.4,1.1,60.0,65.0,50.0,100.0,1.4,1.1,60.0,60.0,2000.0,100.0,1.4,3.0,90.0,90.0,0.2833,0.744,19.93,0.25,20.17
