idx,Power Constraint (kW),Specified Cell Count,Flight Level (100x ft),current_A (Value),cathode_rh_in_perc (Value),stoich_cathode (Value),pressure_cathode_in_bara (Value),temp_coolant_inlet_degC (Value),temp_coolant_outlet_degC (Value),current_A (Lower Bound),cathode_rh_in_perc (Lower Bound),stoich_cathode (Lower Bound),pressure_cathode_in_bara (Lower Bound),temp_coolant_inlet_degC (Lower Bound),temp_coolant_outlet_degC (Lower Bound),current_A (Upper Bound),cathode_rh_in_perc (Upper Bound),stoich_cathode (Upper Bound),pressure_cathode_in_bara (Upper Bound),temp_coolant_inlet_degC (Upper Bound),temp_coolant_outlet_degC (Upper Bound),Hydrogen Consumption (g/s),Cell Voltage (V),System Power (kW),Compressor Power (kW),Turbine Power (kW),Recirculation Pump Power (kW),Coolant Pump Power (kW),Stack Power (kW),turbine (t/f),eol (t/f)
100,80.0,450,0,312.6528,98.8747,4.9993,1.1054,60.0001,67.6932,50.0,30.0,1.6,1.1,60.0,60.0,700.0,100.0,5.0,3.3,90.0,90.0,1.4699,0.5754,79.89,10.05,10.05,0.46,0.6,80.95,True,True
101,80.0,450,20,254.0209,62.7609,1.6,3.3,60.0002,66.4545,50.0,30.0,1.6,1.1,60.0,60.0,700.0,100.0,5.0,3.3,90.0,90.0,1.1942,0.7868,79.91,12.27,2.72,0.13,0.34,89.94,True,False
102,80.0,450,20,317.0679,99.9945,4.9999,1.1,60.0006,74.6022,50.0,30.0,1.6,1.1,60.0,60.0,700.0,100.0,5.0,3.3,90.0,90.0,1.4906,0.5651,79.89,12.29,12.29,0.48,0.27,80.63,True,True
103,80.0,450,40,255.6202,63.3793,1.6,3.3,60.0035,66.5453,50.0,30.0,1.6,1.1,60.0,60.0,700.0,100.0,5.0,3.3,90.0,90.0,1.2017,0.7862,79.91,12.99,2.94,0.13,0.34,90.43,True,False
104,80.0,450,40,317.5619,64.3523,1.6,3.3,60.0002,68.7341,50.0,30.0,1.6,1.1,60.0,60.0,700.0,100.0,5.0,3.3,90.0,90.0,1.4929,0.6496,79.89,16.13,3.79,0.17,0.44,92.83,True,True
105,80.0,450,60,257.2701,62.8569,1.6,3.3,60.0057,66.4797,50.0,30.0,1.6,1.1,60.0,60.0,700.0,100.0,5.0,3.3,90.0,90.0,1.2095,0.7857,79.91,13.72,3.16,0.13,0.35,90.96,True,False
106,80.0,450,60,320.222,64.778,1.6,3.3,60.0025,68.7152,50.0,30.0,1.6,1.1,60.0,60.0,700.0,100.0,5.0,3.3,90.0,90.0,1.5054,0.6489,79.89,17.08,4.07,0.17,0.44,93.51,True,True
107,80.0,450,80,258.9517,62.7032,1.6,3.2999,60.0012,66.5287,50.0,30.0,1.6,1.1,60.0,60.0,700.0,100.0,5.0,3.3,90.0,90.0,1.2174,0.7851,79.91,14.47,3.38,0.14,0.35,91.49,True,False
108,80.0,450,80,322.9635,64.8738,1.6,3.3,60.0003,68.7546,50.0,30.0,1.6,1.1,60.0,60.0,700.0,100.0,5.0,3.3,90.0,90.0,1.5183,0.6481,79.88,18.05,4.35,0.17,0.45,94.2,True,True
109,80.0,450,100,260.6921,63.3178,1.6,3.3,60.0003,66.5253,50.0,30.0,1.6,1.1,60.0,60.0,700.0,100.0,5.0,3.3,90.0,90.0,1.2256,0.7846,79.91,15.24,3.6,0.14,0.35,92.04,True,False
10,20.0,400,80,80.5913,83.4247,1.6,1.1,60.0003,65.5452,50.0,30.0,1.6,1.1,60.0,60.0,700.0,100.0,5.0,3.3,90.0,90.0,0.3368,0.639,19.91,1.38,0.93,0.11,0.13,20.6,True,True
110,80.0,450,100,325.8137,64.8933,1.6,3.3,60.0,68.678,50.0,30.0,1.6,1.1,60.0,60.0,700.0,100.0,5.0,3.3,90.0,90.0,1.5317,0.6474,79.88,19.05,4.64,0.17,0.46,94.93,True,True
111,80.0,450,120,262.4835,63.0486,1.6,3.3,60.0039,66.5844,50.0,30.0,1.6,1.1,60.0,60.0,700.0,100.0,5.0,3.3,90.0,90.0,1.234,0.784,79.91,16.03,3.83,0.14,0.35,92.6,True,False
112,80.0,450,120,328.7744,64.9058,1.6,3.2999,60.0013,68.7539,50.0,30.0,1.6,1.1,60.0,60.0,700.0,100.0,5.0,3.3,90.0,90.0,1.5457,0.6466,79.89,20.08,4.94,0.17,0.46,95.66,True,True
113,80.0,500,0,224.3909,62.4873,1.6,3.3,60.0009,66.4316,50.0,30.0,1.6,1.1,60.0,60.0,700.0,100.0,5.0,3.3,90.0,90.0,1.1721,0.7961,79.92,11.42,2.48,0.13,0.33,89.32,True,False
114,80.0,500,0,276.5015,63.7839,1.6,3.2999,60.0016,68.596,50.0,30.0,1.6,1.1,60.0,60.0,700.0,100.0,5.0,3.3,90.0,90.0,1.4443,0.6608,79.9,14.08,3.19,0.16,0.41,91.36,True,True
115,80.0,500,20,225.7302,62.3579,1.6,3.3,60.0009,66.4147,50.0,30.0,1.6,1.1,60.0,60.0,700.0,100.0,5.0,3.3,90.0,90.0,1.1791,0.7957,79.92,12.11,2.69,0.13,0.33,89.81,True,False
116,80.0,500,20,278.6216,63.9948,1.6,3.3,60.0007,68.625,50.0,30.0,1.6,1.1,60.0,60.0,700.0,100.0,5.0,3.3,90.0,90.0,1.4554,0.6602,79.9,14.95,3.45,0.16,0.42,91.98,True,True
117,80.0,500,40,227.1106,62.5082,1.6,3.3,60.0014,66.4831,50.0,30.0,1.6,1.1,60.0,60.0,700.0,100.0,5.0,3.3,90.0,90.0,1.1863,0.7952,79.92,12.82,2.9,0.13,0.33,90.3,True,False
118,80.0,500,40,280.7965,64.0828,1.6,3.2999,60.0008,68.6255,50.0,30.0,1.6,1.1,60.0,60.0,700.0,100.0,5.0,3.3,90.0,90.0,1.4668,0.6597,79.89,15.85,3.72,0.16,0.42,92.61,True,True
119,80.0,500,60,228.5352,62.5385,1.6,3.3,60.0026,66.3957,50.0,30.0,1.6,1.1,60.0,60.0,700.0,100.0,5.0,3.3,90.0,90.0,1.1938,0.7948,79.92,13.54,3.11,0.13,0.34,90.83,True,False
11,20.0,400,100,67.1252,61.9841,1.6,3.1328,60.006,65.2493,50.0,30.0,1.6,1.1,60.0,60.0,700.0,100.0,5.0,3.3,90.0,90.0,0.2805,0.8413,19.93,3.36,0.81,0.03,0.07,22.59,True,False
120,80.0,500,60,283.0297,63.9849,1.6,3.3,60.0012,68.7135,50.0,30.0,1.6,1.1,60.0,60.0,700.0,100.0,5.0,3.3,90.0,90.0,1.4784,0.659,79.89,16.77,3.99,0.17,0.42,93.25,True,True
121,80.0,500,80,229.9827,62.3322,1.6,3.3,60.0007,66.4228,50.0,30.0,1.6,1.1,60.0,60.0,700.0,100.0,5.0,3.3,90.0,90.0,1.2013,0.7944,79.92,14.28,3.33,0.13,0.34,91.34,True,False
122,80.0,500,80,285.3792,63.8432,1.6,3.2999,60.0013,68.6671,50.0,30.0,1.6,1.1,60.0,60.0,700.0,100.0,5.0,3.3,90.0,90.0,1.4907,0.6584,79.89,17.72,4.27,0.17,0.43,93.94,True,True
123,80.0,500,100,231.4752,62.3,1.6,3.2999,60.0018,66.4668,50.0,30.0,1.6,1.1,60.0,60.0,700.0,100.0,5.0,3.3,90.0,90.0,1.2091,0.7938,79.91,15.04,3.55,0.13,0.34,91.88,True,False
124,80.0,500,100,287.7711,64.2352,1.6,3.2998,60.0008,68.6726,50.0,30.0,1.6,1.1,60.0,60.0,700.0,100.0,5.0,3.3,90.0,90.0,1.5032,0.6577,79.89,18.69,4.55,0.17,0.44,94.64,True,True
125,80.0,500,120,233.0181,62.6189,1.6,3.3,60.0001,66.5143,50.0,30.0,1.6,1.1,60.0,60.0,700.0,100.0,5.0,3.3,90.0,90.0,1.2172,0.7933,79.91,15.81,3.77,0.14,0.34,92.43,True,False
126,80.0,500,120,290.2518,63.9959,1.6,3.2999,60.0009,68.6745,50.0,30.0,1.6,1.1,60.0,60.0,700.0,100.0,5.0,3.3,90.0,90.0,1.5162,0.6571,79.89,19.69,4.84,0.17,0.44,95.36,True,True
127,125.0,400,0,501.8615,68.9041,1.6,3.3,60.0012,68.1035,50.0,30.0,1.6,1.1,60.0,60.0,700.0,100.0,5.0,3.3,90.0,90.0,2.0972,0.7057,124.89,20.44,4.59,0.23,0.69,141.67,True,False
129,125.0,400,20,506.0771,68.9865,1.6,3.3,60.0012,68.1398,50.0,30.0,1.6,1.1,60.0,60.0,700.0,100.0,5.0,3.3,90.0,90.0,2.1148,0.7043,124.88,21.73,4.97,0.24,0.7,142.57,True,False
12,20.0,400,100,81.0643,83.5338,1.6,1.1,60.0002,65.5119,50.0,30.0,1.6,1.1,60.0,60.0,700.0,100.0,5.0,3.3,90.0,90.0,0.3388,0.6389,19.91,1.55,0.99,0.11,0.13,20.72,True,True
130,125.0,400,20,673.423,78.3195,1.6,3.3,60.0004,71.3204,50.0,30.0,1.6,1.1,60.0,60.0,700.0,100.0,5.0,3.3,90.0,90.0,2.8142,0.5495,124.81,28.91,6.99,0.32,0.98,148.03,True,True
131,125.0,400,40,510.5106,69.2546,1.6,3.3,60.0001,68.1688,50.0,30.0,1.6,1.1,60.0,60.0,700.0,100.0,5.0,3.3,90.0,90.0,2.1334,0.7028,124.89,23.05,5.37,0.24,0.71,143.52,True,False
133,125.0,400,60,515.0272,69.1583,1.6,3.3,60.0003,68.1606,50.0,30.0,1.6,1.1,60.0,60.0,700.0,100.0,5.0,3.3,90.0,90.0,2.1522,0.7014,124.88,24.42,5.77,0.24,0.72,144.49,True,False
134,125.0,400,60,693.3708,79.4297,1.6,3.3,60.0001,71.5705,50.0,30.0,1.6,1.1,60.0,60.0,700.0,100.0,5.0,3.3,90.0,90.0,2.8975,0.5438,124.8,32.87,8.17,0.33,1.0,150.83,True,True
137,125.0,400,100,524.723,69.3349,1.6,3.3,60.0033,68.2707,50.0,30.0,1.6,1.1,60.0,60.0,700.0,100.0,5.0,3.3,90.0,90.0,2.1928,0.6981,124.88,27.27,6.6,0.24,0.74,146.53,True,False
139,125.0,400,120,529.8436,69.7294,1.6,3.3,60.0008,68.2631,50.0,30.0,1.6,1.1,60.0,60.0,700.0,100.0,5.0,3.3,90.0,90.0,2.2142,0.6965,124.87,28.76,7.03,0.25,0.75,147.61,True,False
13,20.0,400,120,67.4975,61.7992,1.6,3.0935,60.0032,65.1387,50.0,30.0,1.6,1.1,60.0,60.0,700.0,100.0,5.0,3.3,90.0,90.0,0.2821,0.8402,19.93,3.51,0.86,0.03,0.08,22.68,True,False
140,125.0,400,120,699.9997,79.5562,1.6,3.3,60.0018,71.6428,50.0,30.0,1.6,1.1,60.0,60.0,700.0,100.0,5.0,3.3,90.0,90.0,2.9252,0.5419,122.09,38.0,9.69,0.33,1.02,151.74,True,True
141,125.0,450,0,429.8663,67.0459,1.6,3.3,60.0003,67.825,50.0,30.0,1.6,1.1,60.0,60.0,700.0,100.0,5.0,3.3,90.0,90.0,2.0209,0.7293,124.9,19.69,4.4,0.23,0.64,141.07,True,False
142,125.0,450,0,554.4367,71.7648,1.6,3.3,60.0004,70.7906,50.0,30.0,1.6,1.1,60.0,60.0,700.0,100.0,5.0,3.3,90.0,90.0,2.6065,0.5828,124.85,25.4,5.99,0.29,0.86,145.41,True,True
143,125.0,450,20,433.1605,67.1623,1.6,3.3,60.0006,67.8322,50.0,30.0,1.6,1.1,60.0,60.0,700.0,100.0,5.0,3.3,90.0,90.0,2.0364,0.7282,124.9,20.92,4.76,0.23,0.65,141.94,True,False
144,125.0,450,20,560.6515,72.2583,1.6,3.3,60.0002,70.8183,50.0,30.0,1.6,1.1,60.0,60.0,700.0,100.0,5.0,3.3,90.0,90.0,2.6358,0.5811,124.84,27.08,6.49,0.3,0.87,146.6,True,True
145,125.0,450,40,436.5233,67.0095,1.6,3.3,60.0003,67.8722,50.0,30.0,1.6,1.1,60.0,60.0,700.0,100.0,5.0,3.3,90.0,90.0,2.0522,0.7271,124.89,22.18,5.14,0.23,0.66,142.82,True,False
146,125.0,450,40,567.1499,72.5269,1.6,3.2999,60.0002,70.8234,50.0,30.0,1.6,1.1,60.0,60.0,700.0,100.0,5.0,3.3,90.0,90.0,2.6663,0.5793,124.84,28.81,7.0,0.3,0.89,147.84,True,True
147,125.0,450,60,440.0345,67.2611,1.6,3.3,60.0011,68.0075,50.0,30.0,1.6,1.1,60.0,60.0,700.0,100.0,5.0,3.3,90.0,90.0,2.0687,0.7258,124.89,23.47,5.53,0.23,0.65,143.72,True,False
148,125.0,450,60,574.0075,72.6429,1.6,3.3,60.0004,70.9325,50.0,30.0,1.6,1.1,60.0,60.0,700.0,100.0,5.0,3.3,90.0,90.0,2.6986,0.5773,124.84,30.61,7.54,0.3,0.9,149.12,True,True
149,125.0,450,80,443.641,66.9672,1.6,3.3,60.0004,67.8977,50.0,30.0,1.6,1.1,60.0,60.0,700.0,100.0,5.0,3.3,90.0,90.0,2.0857,0.7247,124.89,24.79,5.9,0.23,0.68,144.68,True,False
14,20.0,400,120,81.5488,83.4452,1.6,1.1,60.0001,65.5479,50.0,30.0,1.6,1.1,60.0,60.0,700.0,100.0,5.0,3.3,90.0,90.0,0.3408,0.6387,19.91,1.73,1.05,0.11,0.13,20.83,True,True
150,125.0,450,80,581.2178,72.8529,1.6,3.3,60.0009,70.9184,50.0,30.0,1.6,1.1,60.0,60.0,700.0,100.0,5.0,3.3,90.0,90.0,2.7324,0.5753,124.83,32.48,8.08,0.31,0.93,150.47,True,True
151,125.0,450,100,447.3974,67.1226,1.6,3.3,60.0,67.9562,50.0,30.0,1.6,1.1,60.0,60.0,700.0,100.0,5.0,3.3,90.0,90.0,2.1033,0.7235,124.89,26.16,6.3,0.23,0.68,145.65,True,False
152,125.0,450,100,588.806,73.1219,1.6,3.3,60.0008,71.0102,50.0,30.0,1.6,1.1,60.0,60.0,700.0,100.0,5.0,3.3,90.0,90.0,2.7681,0.5731,124.83,34.42,8.65,0.31,0.94,151.86,True,True
153,125.0,450,120,451.29,67.4548,1.6,3.3,60.0018,68.0607,50.0,30.0,1.6,1.1,60.0,60.0,700.0,100.0,5.0,3.3,90.0,90.0,2.1216,0.7221,124.88,27.56,6.71,0.24,0.68,146.64,True,False
154,125.0,450,120,596.7876,73.9354,1.6,3.3,60.0,71.1063,50.0,30.0,1.6,1.1,60.0,60.0,700.0,100.0,5.0,3.3,90.0,90.0,2.8056,0.5708,124.82,36.44,9.23,0.32,0.95,153.3,True,True
155,125.0,500,0,376.8258,65.6182,1.6,3.3,60.0028,67.6064,50.0,30.0,1.6,1.1,60.0,60.0,700.0,100.0,5.0,3.3,90.0,90.0,1.9684,0.7465,124.9,19.18,4.26,0.22,0.61,140.66,True,False
156,125.0,500,0,478.8764,68.9176,1.6,3.3,60.0,70.4214,50.0,30.0,1.6,1.1,60.0,60.0,700.0,100.0,5.0,3.3,90.0,90.0,2.5015,0.604,124.86,24.38,5.71,0.28,0.81,144.62,True,True
157,125.0,500,20,379.4993,65.517,1.6,3.3,60.0011,67.7174,50.0,30.0,1.6,1.1,60.0,60.0,700.0,100.0,5.0,3.3,90.0,90.0,1.9824,0.7456,124.9,20.37,4.63,0.22,0.61,141.47,True,False
158,125.0,500,20,483.6934,69.0897,1.6,3.3,60.0004,70.4895,50.0,30.0,1.6,1.1,60.0,60.0,700.0,100.0,5.0,3.3,90.0,90.0,2.5266,0.6026,124.87,25.96,6.19,0.28,0.81,145.74,True,True
159,125.0,500,40,382.2839,65.4759,1.6,3.3,60.0011,67.691,50.0,30.0,1.6,1.1,60.0,60.0,700.0,100.0,5.0,3.3,90.0,90.0,1.9969,0.7447,124.9,21.58,4.98,0.22,0.62,142.34,True,False
15,20.0,450,0,57.9621,81.3855,4.9999,1.1,60.0026,67.0981,50.0,30.0,1.6,1.1,60.0,60.0,700.0,100.0,5.0,3.3,90.0,90.0,0.2725,0.7698,19.93,1.84,1.84,0.09,0.06,20.08,True,False
160,125.0,500,40,488.6447,69.6464,1.6,3.3,60.0009,70.4993,50.0,30.0,1.6,1.1,60.0,60.0,700.0,100.0,5.0,3.3,90.0,90.0,2.5525,0.6012,124.86,27.58,6.67,0.29,0.83,146.89,True,True
161,125.0,500,60,385.1527,65.8302,1.6,3.3,60.0006,67.7303,50.0,30.0,1.6,1.1,60.0,60.0,700.0,100.0,5.0,3.3,90.0,90.0,2.0119,0.7437,124.9,22.82,5.35,0.22,0.62,143.22,True,False
162,125.0,500,60,493.8195,69.256,1.6,3.3,60.0002,70.5307,50.0,30.0,1.6,1.1,60.0,60.0,700.0,100.0,5.0,3.3,90.0,90.0,2.5795,0.5998,124.86,29.26,7.16,0.29,0.84,148.09,True,True
163,125.0,500,80,388.0948,65.6063,1.6,3.3,60.0001,67.741,50.0,30.0,1.6,1.1,60.0,60.0,700.0,100.0,5.0,3.3,90.0,90.0,2.0273,0.7428,124.9,24.1,5.73,0.23,0.63,144.13,True,False
164,125.0,500,80,499.2176,69.6613,1.6,3.3,60.002,70.5597,50.0,30.0,1.6,1.1,60.0,60.0,700.0,100.0,5.0,3.3,90.0,90.0,2.6077,0.5983,124.85,31.0,7.67,0.29,0.86,149.33,True,True
165,125.0,500,100,391.1287,66.1407,1.6,3.3,60.0013,67.7291,50.0,30.0,1.6,1.1,60.0,60.0,700.0,100.0,5.0,3.3,90.0,90.0,2.0431,0.7418,124.9,25.41,6.1,0.23,0.64,145.07,True,False
166,125.0,500,100,504.9023,70.0447,1.6,3.3,60.0003,70.6307,50.0,30.0,1.6,1.1,60.0,60.0,700.0,100.0,5.0,3.3,90.0,90.0,2.6374,0.5966,124.86,32.8,8.2,0.3,0.87,150.62,True,True
167,125.0,500,120,394.2898,65.7651,1.6,3.3,60.0002,67.7258,50.0,30.0,1.6,1.1,60.0,60.0,700.0,100.0,5.0,3.3,90.0,90.0,2.0596,0.7408,124.9,26.75,6.49,0.23,0.65,146.05,True,False
168,125.0,500,120,510.8211,70.0288,1.6,3.3,60.0005,70.6725,50.0,30.0,1.6,1.1,60.0,60.0,700.0,100.0,5.0,3.3,90.0,90.0,2.6683,0.595,124.85,34.66,8.73,0.3,0.88,151.96,True,True
169,150.0,400,0,656.072,75.7731,1.6,3.3,60.0007,69.3978,50.0,30.0,1.6,1.1,60.0,60.0,700.0,100.0,5.0,3.3,90.0,90.0,2.7417,0.6543,149.85,26.72,6.14,0.31,0.98,171.71,True,False
16,20.0,450,0,68.6435,81.9247,4.9997,1.1,60.0001,67.0956,50.0,30.0,1.6,1.1,60.0,60.0,700.0,100.0,5.0,3.3,90.0,90.0,0.3227,0.6511,19.92,2.18,2.18,0.1,0.09,20.11,True,True
171,150.0,400,20,663.3022,76.1376,1.6,3.3,60.0005,69.3269,50.0,30.0,1.6,1.1,60.0,60.0,700.0,100.0,5.0,3.3,90.0,90.0,2.7719,0.652,149.85,28.48,6.66,0.31,1.02,173.0,True,False
173,150.0,400,40,670.812,76.4874,1.6,3.3,60.0009,69.483,50.0,30.0,1.6,1.1,60.0,60.0,700.0,100.0,5.0,3.3,90.0,90.0,2.8032,0.6494,149.85,30.29,7.21,0.31,1.01,174.26,True,False
175,150.0,400,60,678.6956,77.4658,1.6,3.3,60.0005,69.4867,50.0,30.0,1.6,1.1,60.0,60.0,700.0,100.0,5.0,3.3,90.0,90.0,2.8362,0.6469,149.84,32.18,7.75,0.32,1.04,175.62,True,False
176,150.0,400,60,699.9999,80.3231,1.6,3.2999,60.0009,71.5884,50.0,30.0,1.6,1.1,60.0,60.0,700.0,100.0,5.0,3.3,90.0,90.0,2.9252,0.542,125.47,33.19,8.25,0.33,1.02,151.75,True,True
178,150.0,400,80,699.9986,80.484,1.6,3.3,60.0009,71.6308,50.0,30.0,1.6,1.1,60.0,60.0,700.0,100.0,5.0,3.3,90.0,90.0,2.9252,0.5419,124.36,34.77,8.74,0.33,1.02,151.74,True,True
17,20.0,450,20,58.2231,61.2564,1.6,3.1698,60.0011,65.2269,50.0,30.0,1.6,1.1,60.0,60.0,700.0,100.0,5.0,3.3,90.0,90.0,0.2737,0.8451,19.93,2.72,0.61,0.03,0.07,22.14,True,False
181,150.0,400,120,700.0,78.8032,1.6,3.3,60.0005,69.661,50.0,30.0,1.6,1.1,60.0,60.0,700.0,100.0,5.0,3.3,90.0,90.0,2.9252,0.6398,149.19,38.0,9.45,0.33,1.09,179.15,True,False
183,150.0,450,0,549.5435,70.6035,1.6,3.3,60.0011,68.894,50.0,30.0,1.6,1.1,60.0,60.0,700.0,100.0,5.0,3.3,90.0,90.0,2.5835,0.6894,149.88,25.18,5.73,0.29,0.88,170.48,True,False
184,150.0,450,0,699.9997,80.4345,1.6,3.3,60.002,72.1295,50.0,30.0,1.6,1.1,60.0,60.0,700.0,100.0,5.0,3.3,90.0,90.0,3.2909,0.5415,144.7,32.07,7.75,0.37,1.17,170.56,True,True
185,150.0,450,20,554.5539,71.1888,1.6,3.3,60.0003,68.8374,50.0,30.0,1.6,1.1,60.0,60.0,700.0,100.0,5.0,3.3,90.0,90.0,2.6071,0.6878,149.87,26.78,6.21,0.29,0.9,171.65,True,False
187,150.0,450,40,559.7887,71.3289,1.6,3.3,60.0001,68.898,50.0,30.0,1.6,1.1,60.0,60.0,700.0,100.0,5.0,3.3,90.0,90.0,2.6317,0.6861,149.88,28.44,6.7,0.29,0.91,172.82,True,False
188,150.0,450,40,699.9997,80.1945,1.6,3.3,60.0013,72.1372,50.0,30.0,1.6,1.1,60.0,60.0,700.0,100.0,5.0,3.3,90.0,90.0,3.2909,0.5414,142.28,35.56,8.82,0.37,1.16,170.55,True,True
18,20.0,450,20,70.1453,66.3165,1.6,2.6156,60.0039,66.3016,50.0,30.0,1.6,1.1,60.0,60.0,700.0,100.0,5.0,3.3,90.0,90.0,0.3298,0.6993,19.91,2.77,0.75,0.05,0.1,22.07,True,True
191,150.0,450,80,570.8195,71.5137,1.6,3.3,60.0001,68.9967,50.0,30.0,1.6,1.1,60.0,60.0,700.0,100.0,5.0,3.3,90.0,90.0,2.6836,0.6824,149.87,31.9,7.72,0.3,0.93,175.28,True,False
193,150.0,450,100,576.721,71.8697,1.6,3.3,60.0002,69.0462,50.0,30.0,1.6,1.1,60.0,60.0,700.0,100.0,5.0,3.3,90.0,90.0,2.7113,0.6804,149.86,33.72,8.25,0.3,0.95,176.58,True,False
194,150.0,450,100,699.9999,80.1446,1.6,3.3,60.0009,72.084,50.0,30.0,1.6,1.1,60.0,60.0,700.0,100.0,5.0,3.3,90.0,90.0,3.2909,0.5415,138.53,40.92,10.43,0.37,1.17,170.57,True,True
195,150.0,450,120,582.8846,72.304,1.6,3.3,60.0004,69.0922,50.0,30.0,1.6,1.1,60.0,60.0,700.0,100.0,5.0,3.3,90.0,90.0,2.7403,0.6784,149.86,35.59,8.79,0.31,0.96,177.93,True,False
197,150.0,500,0,475.5725,68.2222,1.6,3.3,60.0003,68.5332,50.0,30.0,1.6,1.1,60.0,60.0,700.0,100.0,5.0,3.3,90.0,90.0,2.4842,0.7137,149.89,24.21,5.48,0.28,0.82,169.72,True,False
198,150.0,500,0,623.4896,75.8196,1.6,3.3,60.0012,71.8521,50.0,30.0,1.6,1.1,60.0,60.0,700.0,100.0,5.0,3.3,90.0,90.0,3.2569,0.5628,149.83,31.74,7.63,0.37,1.13,175.44,True,True
199,150.0,500,20,479.4558,68.4776,1.6,3.3,60.0002,68.5317,50.0,30.0,1.6,1.1,60.0,60.0,700.0,100.0,5.0,3.3,90.0,90.0,2.5045,0.7125,149.89,25.73,5.93,0.28,0.83,170.8,True,False
19,20.0,450,40,58.5276,61.2341,1.6,3.1548,60.0017,65.2407,50.0,30.0,1.6,1.1,60.0,60.0,700.0,100.0,5.0,3.3,90.0,90.0,0.2752,0.8446,19.93,2.87,0.66,0.03,0.07,22.24,True,False
1,20.0,400,0,65.4355,81.7972,4.9998,1.1,60.0013,67.0968,50.0,30.0,1.6,1.1,60.0,60.0,700.0,100.0,5.0,3.3,90.0,90.0,0.2734,0.7671,19.93,1.85,1.85,0.09,0.06,20.08,True,False
200,150.0,500,20,631.4423,76.0554,1.6,3.3,60.0014,71.8767,50.0,30.0,1.6,1.1,60.0,60.0,700.0,100.0,5.0,3.3,90.0,90.0,3.2984,0.5605,149.83,33.89,8.27,0.37,1.16,176.97,True,True
201,150.0,500,40,483.4407,68.4978,1.6,3.3,60.0008,68.5232,50.0,30.0,1.6,1.1,60.0,60.0,700.0,100.0,5.0,3.3,90.0,90.0,2.5253,0.7112,149.88,27.29,6.39,0.28,0.85,171.91,True,False
202,150.0,500,40,639.8039,76.0666,1.6,3.3,60.0023,71.9408,50.0,30.0,1.6,1.1,60.0,60.0,700.0,100.0,5.0,3.3,90.0,90.0,3.3421,0.5582,149.82,36.12,8.93,0.38,1.18,178.56,True,True
203,150.0,500,60,487.6051,68.611,1.6,3.3,60.0018,68.6055,50.0,30.0,1.6,1.1,60.0,60.0,700.0,100.0,5.0,3.3,90.0,90.0,2.5471,0.7098,149.88,28.9,6.87,0.28,0.85,173.04,True,False
204,150.0,500,60,648.6861,76.9892,1.6,3.3,60.0003,72.0376,50.0,30.0,1.6,1.1,60.0,60.0,700.0,100.0,5.0,3.3,90.0,90.0,3.3885,0.5556,149.82,38.44,9.62,0.38,1.2,180.22,True,True
205,150.0,500,80,491.9258,69.1481,1.6,3.3,60.0007,68.6039,50.0,30.0,1.6,1.1,60.0,60.0,700.0,100.0,5.0,3.3,90.0,90.0,2.5696,0.7084,149.88,30.55,7.35,0.29,0.87,174.23,True,False
206,150.0,500,80,658.0873,77.4234,1.6,3.3,60.0028,72.1321,50.0,30.0,1.6,1.1,60.0,60.0,700.0,100.0,5.0,3.3,90.0,90.0,3.4376,0.553,149.81,40.86,10.34,0.39,1.22,181.95,True,True
207,150.0,500,100,496.4118,69.0266,1.6,3.3,60.0,68.6237,50.0,30.0,1.6,1.1,60.0,60.0,700.0,100.0,5.0,3.3,90.0,90.0,2.5931,0.7069,149.88,32.25,7.84,0.29,0.88,175.46,True,False
208,150.0,500,100,668.1025,77.9279,1.6,3.3,60.0015,72.2688,50.0,30.0,1.6,1.1,60.0,60.0,700.0,100.0,5.0,3.3,90.0,90.0,3.4899,0.5501,149.8,43.4,11.09,0.39,1.24,183.75,True,True
209,150.0,500,120,501.0551,69.1514,1.6,3.3,60.0003,68.679,50.0,30.0,1.6,1.1,60.0,60.0,700.0,100.0,5.0,3.3,90.0,90.0,2.6173,0.7053,149.88,34.0,8.35,0.29,0.89,176.71,True,False
20,20.0,450,40,70.5749,66.777,1.6,2.5667,60.0018,66.2428,50.0,30.0,1.6,1.1,60.0,60.0,700.0,100.0,5.0,3.3,90.0,90.0,0.3318,0.6977,19.91,2.91,0.81,0.05,0.1,22.16,True,True
212,175.0,400,0,700.0,79.9819,1.6,3.3,60.0002,71.5835,50.0,30.0,1.6,1.1,60.0,60.0,700.0,100.0,5.0,3.3,90.0,90.0,2.9252,0.542,128.72,28.51,6.82,0.33,1.02,151.76,True,True
215,175.0,400,40,699.9995,79.0166,1.6,3.3,60.0001,69.6635,50.0,30.0,1.6,1.1,60.0,60.0,700.0,100.0,5.0,3.3,90.0,90.0,2.9252,0.6398,153.66,31.61,7.54,0.33,1.09,179.15,True,False
217,175.0,400,60,699.9999,78.6428,1.6,3.3,60.0005,69.692,50.0,30.0,1.6,1.1,60.0,60.0,700.0,100.0,5.0,3.3,90.0,90.0,2.9252,0.6398,152.57,33.19,8.02,0.33,1.08,179.14,True,False
219,175.0,400,80,699.9986,79.0783,1.6,3.3,60.0001,69.7497,50.0,30.0,1.6,1.1,60.0,60.0,700.0,100.0,5.0,3.3,90.0,90.0,2.9252,0.6397,151.46,34.77,8.51,0.33,1.07,179.12,True,False
21,20.0,450,60,58.8385,61.4658,1.6,3.14,60.0118,65.2274,50.0,30.0,1.6,1.1,60.0,60.0,700.0,100.0,5.0,3.3,90.0,90.0,0.2766,0.8441,19.93,3.02,0.71,0.03,0.07,22.35,True,False
222,175.0,400,100,699.9992,79.9026,1.6,3.3,60.001,71.6139,50.0,30.0,1.6,1.1,60.0,60.0,700.0,100.0,5.0,3.3,90.0,90.0,2.9252,0.542,123.23,36.38,9.21,0.33,1.02,151.75,True,True
223,175.0,400,120,699.9999,78.9467,1.6,3.3,60.0008,69.7175,50.0,30.0,1.6,1.1,60.0,60.0,700.0,100.0,5.0,3.3,90.0,90.0,2.9252,0.6398,149.19,38.0,9.46,0.33,1.08,179.13,True,False
224,175.0,400,120,700.0,79.8358,1.6,3.3,60.0002,71.6197,50.0,30.0,1.6,1.1,60.0,60.0,700.0,100.0,5.0,3.3,90.0,90.0,2.9252,0.542,122.09,38.0,9.69,0.33,1.02,151.75,True,True
225,175.0,450,0,697.7507,78.8635,1.6,3.3,60.0003,70.1176,50.0,30.0,1.6,1.1,60.0,60.0,700.0,100.0,5.0,3.3,90.0,90.0,3.2803,0.64,174.84,31.97,7.45,0.37,1.23,200.96,True,False
226,175.0,450,0,699.9986,80.357,1.6,3.3,60.0002,72.0895,50.0,30.0,1.6,1.1,60.0,60.0,700.0,100.0,5.0,3.3,90.0,90.0,3.2909,0.5415,144.7,32.07,7.74,0.37,1.17,170.57,True,True
227,175.0,450,20,699.9994,79.2049,1.6,3.3,60.0011,70.0914,50.0,30.0,1.6,1.1,60.0,60.0,700.0,100.0,5.0,3.3,90.0,90.0,3.2909,0.6393,173.97,33.81,8.01,0.37,1.25,201.39,True,False
22,20.0,450,60,70.9154,82.9466,1.6003,1.1001,60.0001,65.4922,50.0,30.0,1.6,1.1,60.0,60.0,700.0,100.0,5.0,3.3,90.0,90.0,0.3334,0.642,19.91,1.2,0.86,0.1,0.13,20.49,True,True
231,175.0,450,60,699.9999,79.0984,1.6,3.3,60.0,70.0672,50.0,30.0,1.6,1.1,60.0,60.0,700.0,100.0,5.0,3.3,90.0,90.0,3.2909,0.6394,171.52,37.33,9.08,0.37,1.25,201.4,True,False
232,175.0,450,60,699.9998,80.4457,1.6,3.3,60.0004,72.1161,50.0,30.0,1.6,1.1,60.0,60.0,700.0,100.0,5.0,3.3,90.0,90.0,3.2909,0.5415,141.05,37.33,9.36,0.37,1.17,170.56,True,True
233,175.0,450,80,699.9991,79.3853,1.6,3.3,60.0003,70.1462,50.0,30.0,1.6,1.1,60.0,60.0,700.0,100.0,5.0,3.3,90.0,90.0,3.2909,0.6393,170.27,39.12,9.63,0.37,1.23,201.37,True,False
234,175.0,450,80,699.9994,80.266,1.6,3.3,60.0,72.1908,50.0,30.0,1.6,1.1,60.0,60.0,700.0,100.0,5.0,3.3,90.0,90.0,3.2909,0.5414,139.8,39.12,9.91,0.37,1.15,170.54,True,True
235,175.0,450,100,699.9996,79.1174,1.6,3.3,60.0004,70.1996,50.0,30.0,1.6,1.1,60.0,60.0,700.0,100.0,5.0,3.3,90.0,90.0,3.2909,0.6392,169.01,40.92,10.17,0.37,1.22,201.35,True,False
236,175.0,450,100,699.9997,80.704,1.6,3.3,60.0,72.1245,50.0,30.0,1.6,1.1,60.0,60.0,700.0,100.0,5.0,3.3,90.0,90.0,3.2909,0.5415,138.53,40.92,10.43,0.37,1.17,170.56,True,True
239,175.0,500,0,590.6695,72.8742,1.6,3.3,60.0006,69.5671,50.0,30.0,1.6,1.1,60.0,60.0,700.0,100.0,5.0,3.3,90.0,90.0,3.0854,0.6753,174.87,30.07,6.93,0.35,1.09,199.44,True,False
23,20.0,450,80,59.1565,61.6628,1.6,3.1086,60.0015,65.174,50.0,30.0,1.6,1.1,60.0,60.0,700.0,100.0,5.0,3.3,90.0,90.0,0.2781,0.8432,19.93,3.16,0.76,0.03,0.07,22.45,True,False
241,175.0,500,20,596.4532,73.3369,1.6,3.3,60.0001,69.5738,50.0,30.0,1.6,1.1,60.0,60.0,700.0,100.0,5.0,3.3,90.0,90.0,3.1156,0.6734,174.87,32.01,7.51,0.35,1.12,200.83,True,False
242,175.0,500,20,700.0,80.5058,1.6,3.3,60.0005,72.6074,50.0,30.0,1.6,1.1,60.0,60.0,700.0,100.0,5.0,3.3,90.0,90.0,3.6565,0.541,159.32,37.57,9.28,0.41,1.32,189.34,True,True
243,175.0,500,40,602.4445,73.3557,1.6,3.3,60.0005,69.6355,50.0,30.0,1.6,1.1,60.0,60.0,700.0,100.0,5.0,3.3,90.0,90.0,3.1469,0.6714,174.86,34.01,8.11,0.35,1.13,202.24,True,False
244,175.0,500,40,699.9991,80.7733,1.6,3.3,60.001,72.618,50.0,30.0,1.6,1.1,60.0,60.0,700.0,100.0,5.0,3.3,90.0,90.0,3.6565,0.541,157.97,39.52,9.88,0.41,1.32,189.34,True,True
245,175.0,500,60,608.7496,73.8317,1.6,3.3,60.0008,69.635,50.0,30.0,1.6,1.1,60.0,60.0,700.0,100.0,5.0,3.3,90.0,90.0,3.1799,0.6694,174.86,36.07,8.71,0.36,1.16,203.74,True,False
246,175.0,500,60,699.9987,80.9199,1.6,3.3,60.0002,72.7148,50.0,30.0,1.6,1.1,60.0,60.0,700.0,100.0,5.0,3.3,90.0,90.0,3.6565,0.5409,156.6,41.48,10.49,0.41,1.3,189.31,True,True
247,175.0,500,80,615.347,73.8551,1.6,3.3,60.0005,69.7101,50.0,30.0,1.6,1.1,60.0,60.0,700.0,100.0,5.0,3.3,90.0,90.0,3.2143,0.6671,174.86,38.21,9.34,0.36,1.18,205.26,True,False
249,175.0,500,100,622.2418,74.838,1.6,3.3,60.0006,69.8474,50.0,30.0,1.6,1.1,60.0,60.0,700.0,100.0,5.0,3.3,90.0,90.0,3.2503,0.6648,174.85,40.42,10.0,0.36,1.18,206.82,True,False
24,20.0,450,80,71.3165,82.8591,1.6,1.1,60.0004,65.5291,50.0,30.0,1.6,1.1,60.0,60.0,700.0,100.0,5.0,3.3,90.0,90.0,0.3353,0.6418,19.91,1.37,0.92,0.11,0.13,20.6,True,True
250,175.0,500,100,700.0,80.3573,1.6,3.3,60.0005,72.6195,50.0,30.0,1.6,1.1,60.0,60.0,700.0,100.0,5.0,3.3,90.0,90.0,3.6565,0.541,153.81,45.47,11.67,0.41,1.32,189.34,True,True
251,175.0,500,120,629.5131,74.9222,1.6,3.3,60.0005,69.9101,50.0,30.0,1.6,1.1,60.0,60.0,700.0,100.0,5.0,3.3,90.0,90.0,3.2883,0.6623,174.85,42.71,10.66,0.37,1.2,208.47,True,False
25,20.0,450,100,59.4781,61.7922,1.6,3.0871,60.0027,65.1483,50.0,30.0,1.6,1.1,60.0,60.0,700.0,100.0,5.0,3.3,90.0,90.0,0.2796,0.8425,19.93,3.32,0.81,0.03,0.08,22.55,True,False
26,20.0,450,100,71.7232,83.1886,1.6,1.1001,60.0001,65.5044,50.0,30.0,1.6,1.1,60.0,60.0,700.0,100.0,5.0,3.3,90.0,90.0,0.3372,0.6418,19.91,1.55,0.98,0.11,0.13,20.71,True,True
27,20.0,450,120,59.8063,61.7677,1.6,3.0727,60.0059,65.149,50.0,30.0,1.6,1.1,60.0,60.0,700.0,100.0,5.0,3.3,90.0,90.0,0.2812,0.842,19.93,3.48,0.86,0.03,0.08,22.66,True,False
28,20.0,450,120,72.1439,82.7832,1.6,1.1,60.0001,65.5387,50.0,30.0,1.6,1.1,60.0,60.0,700.0,100.0,5.0,3.3,90.0,90.0,0.3392,0.6416,19.91,1.72,1.04,0.11,0.13,20.83,True,True
29,20.0,500,0,52.0154,61.4045,1.6,3.1641,60.0021,65.2601,50.0,30.0,1.6,1.1,60.0,60.0,700.0,100.0,5.0,3.3,90.0,90.0,0.2717,0.8468,19.93,2.55,0.56,0.03,0.07,22.02,True,False
2,20.0,400,0,77.5518,82.2279,4.9999,1.1,60.0001,67.0928,50.0,30.0,1.6,1.1,60.0,60.0,700.0,100.0,5.0,3.3,90.0,90.0,0.3241,0.6484,19.92,2.19,2.19,0.1,0.09,20.11,True,True
30,20.0,500,0,61.579,81.6813,4.9998,1.1,60.0024,67.0963,50.0,30.0,1.6,1.1,60.0,60.0,700.0,100.0,5.0,3.3,90.0,90.0,0.3217,0.6532,19.92,2.17,2.17,0.1,0.09,20.11,True,True
31,20.0,500,20,52.28,61.0767,1.6,3.1475,60.0007,65.2282,50.0,30.0,1.6,1.1,60.0,60.0,700.0,100.0,5.0,3.3,90.0,90.0,0.2731,0.8463,19.93,2.7,0.61,0.03,0.07,22.12,True,False
32,20.0,500,20,62.3588,84.6006,4.9999,1.1,61.4638,74.6597,50.0,30.0,1.6,1.1,60.0,60.0,700.0,100.0,5.0,3.3,90.0,90.0,0.3257,0.6438,19.92,2.69,2.69,0.1,0.05,20.07,True,True
33,20.0,500,40,52.5478,61.3484,1.6,3.1258,60.0089,65.1749,50.0,30.0,1.6,1.1,60.0,60.0,700.0,100.0,5.0,3.3,90.0,90.0,0.2745,0.8457,19.93,2.84,0.66,0.03,0.07,22.22,True,False
34,20.0,500,40,63.3085,66.7167,1.6,2.542,60.0006,66.2761,50.0,30.0,1.6,1.1,60.0,60.0,700.0,100.0,5.0,3.3,90.0,90.0,0.3307,0.699,19.91,2.87,0.81,0.05,0.1,22.13,True,True
35,20.0,500,60,52.8199,61.5063,1.6,3.1106,60.0024,65.2239,50.0,30.0,1.6,1.1,60.0,60.0,700.0,100.0,5.0,3.3,90.0,90.0,0.2759,0.8451,19.93,2.99,0.71,0.03,0.07,22.32,True,False
36,20.0,500,60,63.6993,67.5196,1.6,2.4576,60.0005,66.1244,50.0,30.0,1.6,1.1,60.0,60.0,700.0,100.0,5.0,3.3,90.0,90.0,0.3327,0.6963,19.91,2.98,0.86,0.05,0.1,22.18,True,True
37,20.0,500,80,53.1065,61.8363,1.6,3.1042,60.0002,65.1533,50.0,30.0,1.6,1.1,60.0,60.0,700.0,100.0,5.0,3.3,90.0,90.0,0.2774,0.8449,19.93,3.15,0.75,0.03,0.07,22.44,True,False
38,20.0,500,80,63.95,82.711,1.6,1.1,60.0005,65.5247,50.0,30.0,1.6,1.1,60.0,60.0,700.0,100.0,5.0,3.3,90.0,90.0,0.334,0.6441,19.91,1.37,0.92,0.1,0.13,20.6,True,True
39,20.0,500,100,53.3966,61.9659,1.6,3.0598,60.0026,65.1616,50.0,30.0,1.6,1.1,60.0,60.0,700.0,100.0,5.0,3.3,90.0,90.0,0.2789,0.8436,19.93,3.29,0.8,0.03,0.08,22.52,True,False
3,20.0,400,20,65.7026,61.0719,1.6,3.202,60.0154,65.3082,50.0,30.0,1.6,1.1,60.0,60.0,700.0,100.0,5.0,3.3,90.0,90.0,0.2746,0.8436,19.93,2.75,0.61,0.03,0.07,22.17,True,False
40,20.0,500,100,64.3141,82.6753,1.6,1.1001,60.0001,65.4928,50.0,30.0,1.6,1.1,60.0,60.0,700.0,100.0,5.0,3.3,90.0,90.0,0.336,0.644,19.91,1.54,0.98,0.11,0.13,20.71,True,True
41,20.0,500,120,53.6878,62.1283,1.6,3.0475,60.0025,65.1878,50.0,30.0,1.6,1.1,60.0,60.0,700.0,100.0,5.0,3.3,90.0,90.0,0.2804,0.8431,19.93,3.45,0.85,0.03,0.08,22.63,True,False
42,20.0,500,120,64.6854,82.4977,1.6,1.1,60.0019,65.4738,50.0,30.0,1.6,1.1,60.0,60.0,700.0,100.0,5.0,3.3,90.0,90.0,0.3379,0.6439,19.91,1.72,1.04,0.11,0.13,20.83,True,True
43,50.0,400,0,171.1247,61.7182,1.6,3.2999,60.0019,65.8482,50.0,30.0,1.6,1.1,60.0,60.0,700.0,100.0,5.0,3.3,90.0,90.0,0.7151,0.8133,49.92,6.97,1.5,0.08,0.2,55.67,True,False
44,50.0,400,0,207.4281,89.3944,5.0,1.1,60.0015,67.0628,50.0,30.0,1.6,1.1,60.0,60.0,700.0,100.0,5.0,3.3,90.0,90.0,0.8668,0.6084,49.9,5.85,5.85,0.27,0.31,50.48,True,True
45,50.0,400,20,172.0993,61.5644,1.6,3.3,60.0023,65.8248,50.0,30.0,1.6,1.1,60.0,60.0,700.0,100.0,5.0,3.3,90.0,90.0,0.7192,0.813,49.92,7.39,1.62,0.08,0.2,55.97,True,False
46,50.0,400,20,210.6669,62.5276,1.6,3.2996,60.002,67.7125,50.0,30.0,1.6,1.1,60.0,60.0,700.0,100.0,5.0,3.3,90.0,90.0,0.8804,0.6792,49.9,9.04,2.05,0.1,0.25,57.24,True,True
47,50.0,400,40,173.0899,61.4378,1.6,3.3,60.0039,65.8284,50.0,30.0,1.6,1.1,60.0,60.0,700.0,100.0,5.0,3.3,90.0,90.0,0.7233,0.8127,49.92,7.82,1.75,0.08,0.2,56.27,True,False
48,50.0,400,40,214.2662,99.489,4.9999,1.1,61.595,82.2566,50.0,30.0,1.6,1.1,60.0,60.0,700.0,100.0,5.0,3.3,90.0,90.0,0.8954,0.5868,49.9,8.73,8.72,0.29,0.1,50.29,True,True
49,50.0,400,60,174.1181,61.4843,1.6,3.2999,60.001,65.8782,50.0,30.0,1.6,1.1,60.0,60.0,700.0,100.0,5.0,3.3,90.0,90.0,0.7276,0.8123,49.92,8.25,1.88,0.08,0.2,56.58,True,False
4,20.0,400,20,79.2287,65.6834,1.6,2.6709,60.0015,66.2729,50.0,30.0,1.6,1.1,60.0,60.0,700.0,100.0,5.0,3.3,90.0,90.0,0.3311,0.6985,19.91,2.83,0.75,0.05,0.1,22.14,True,True
50,50.0,400,60,213.7668,62.731,1.6,3.2734,60.0018,67.6973,50.0,30.0,1.6,1.1,60.0,60.0,700.0,100.0,5.0,3.3,90.0,90.0,0.8933,0.6777,49.9,10.07,2.38,0.1,0.25,57.95,True,True
51,50.0,400,80,175.1524,61.4252,1.6,3.2999,60.0014,65.8329,50.0,30.0,1.6,1.1,60.0,60.0,700.0,100.0,5.0,3.3,90.0,90.0,0.7319,0.8121,49.92,8.7,2.01,0.08,0.2,56.89,True,False
52,50.0,400,80,215.3862,63.0765,1.6,3.2573,60.0012,67.6956,50.0,30.0,1.6,1.1,60.0,60.0,700.0,100.0,5.0,3.3,90.0,90.0,0.9001,0.6769,49.9,10.6,2.54,0.1,0.25,58.31,True,True
53,50.0,400,100,176.2323,61.5853,1.6,3.3,60.0012,65.835,50.0,30.0,1.6,1.1,60.0,60.0,700.0,100.0,5.0,3.3,90.0,90.0,0.7365,0.8117,49.92,9.16,2.14,0.08,0.2,57.22,True,False
54,50.0,400,100,217.0552,63.029,1.6,3.234,60.0016,67.73,50.0,30.0,1.6,1.1,60.0,60.0,700.0,100.0,5.0,3.3,90.0,90.0,0.907,0.6757,49.9,11.12,2.71,0.1,0.26,58.67,True,True
55,50.0,400,120,177.343,61.5981,1.6,3.2999,60.0004,65.8032,50.0,30.0,1.6,1.1,60.0,60.0,700.0,100.0,5.0,3.3,90.0,90.0,0.7411,0.8114,49.92,9.63,2.28,0.08,0.21,57.56,True,False
56,50.0,400,120,218.7695,63.6415,1.6,3.2155,60.002,67.6561,50.0,30.0,1.6,1.1,60.0,60.0,700.0,100.0,5.0,3.3,90.0,90.0,0.9142,0.6748,49.9,11.67,2.88,0.1,0.26,59.05,True,True
57,50.0,450,0,150.805,61.288,1.6,3.2999,60.0012,65.8363,50.0,30.0,1.6,1.1,60.0,60.0,700.0,100.0,5.0,3.3,90.0,90.0,0.709,0.8196,49.92,6.91,1.48,0.08,0.19,55.62,True,False
58,50.0,450,0,183.8471,62.9833,1.6,3.2227,60.0027,67.6237,50.0,30.0,1.6,1.1,60.0,60.0,700.0,100.0,5.0,3.3,90.0,90.0,0.8643,0.6844,49.9,8.25,1.87,0.1,0.24,56.62,True,True
59,50.0,450,20,151.6495,61.3388,1.6,3.2999,60.0006,65.8416,50.0,30.0,1.6,1.1,60.0,60.0,700.0,100.0,5.0,3.3,90.0,90.0,0.7129,0.8193,49.93,7.32,1.61,0.08,0.19,55.91,True,False
5,20.0,400,40,66.0429,61.3952,1.6,3.1814,60.0066,65.3043,50.0,30.0,1.6,1.1,60.0,60.0,700.0,100.0,5.0,3.3,90.0,90.0,0.276,0.8429,19.93,2.9,0.66,0.03,0.07,22.27,True,False
60,50.0,450,20,185.1149,63.2915,1.6,3.2046,60.002,67.6018,50.0,30.0,1.6,1.1,60.0,60.0,700.0,100.0,5.0,3.3,90.0,90.0,0.8703,0.6836,49.9,8.73,2.03,0.1,0.24,56.95,True,True
61,50.0,450,40,152.508,61.5971,1.6,3.2998,60.0037,65.8503,50.0,30.0,1.6,1.1,60.0,60.0,700.0,100.0,5.0,3.3,90.0,90.0,0.717,0.8191,49.92,7.75,1.73,0.08,0.19,56.21,True,False
62,50.0,450,40,186.4262,63.4479,1.6,3.1819,60.0048,67.5451,50.0,30.0,1.6,1.1,60.0,60.0,700.0,100.0,5.0,3.3,90.0,90.0,0.8764,0.6827,49.9,9.2,2.18,0.1,0.25,57.27,True,True
63,50.0,450,60,153.3861,61.6764,1.6,3.2998,60.0044,65.8573,50.0,30.0,1.6,1.1,60.0,60.0,700.0,100.0,5.0,3.3,90.0,90.0,0.7211,0.8188,49.92,8.18,1.86,0.08,0.19,56.51,True,False
64,50.0,450,60,187.7647,63.5943,1.6,3.1701,60.0011,67.5423,50.0,30.0,1.6,1.1,60.0,60.0,700.0,100.0,5.0,3.3,90.0,90.0,0.8827,0.682,49.9,9.71,2.34,0.1,0.25,57.63,True,True
65,50.0,450,80,154.2909,61.4477,1.6,3.2997,60.0032,65.8397,50.0,30.0,1.6,1.1,60.0,60.0,700.0,100.0,5.0,3.3,90.0,90.0,0.7254,0.8185,49.92,8.62,1.99,0.08,0.2,56.83,True,False
66,50.0,450,80,189.1445,64.021,1.6,3.1319,60.0022,67.4847,50.0,30.0,1.6,1.1,60.0,60.0,700.0,100.0,5.0,3.3,90.0,90.0,0.8892,0.6807,49.9,10.17,2.5,0.1,0.26,57.93,True,True
67,50.0,450,100,155.2235,61.5215,1.6,3.2998,60.0067,65.857,50.0,30.0,1.6,1.1,60.0,60.0,700.0,100.0,5.0,3.3,90.0,90.0,0.7297,0.8182,49.92,9.07,2.12,0.08,0.2,57.15,True,False
68,50.0,450,100,190.5563,64.0659,1.6,3.1134,60.0019,67.5626,50.0,30.0,1.6,1.1,60.0,60.0,700.0,100.0,5.0,3.3,90.0,90.0,0.8959,0.6797,49.9,10.69,2.67,0.11,0.26,58.28,True,True
69,50.0,450,120,156.1677,61.2029,1.6,3.2998,60.0091,65.8012,50.0,30.0,1.6,1.1,60.0,60.0,700.0,100.0,5.0,3.3,90.0,90.0,0.7342,0.818,49.92,9.54,2.25,0.08,0.2,57.48,True,False
70,50.0,450,120,192.0189,64.0797,1.6,3.0821,60.0023,67.5181,50.0,30.0,1.6,1.1,60.0,60.0,700.0,100.0,5.0,3.3,90.0,90.0,0.9027,0.6784,49.9,11.19,2.84,0.11,0.26,58.62,True,True
71,50.0,500,0,134.8187,61.5322,1.6,3.2999,60.0019,65.7914,50.0,30.0,1.6,1.1,60.0,60.0,700.0,100.0,5.0,3.3,90.0,90.0,0.7042,0.8246,49.93,6.86,1.47,0.08,0.19,55.58,True,False
72,50.0,500,0,162.1618,86.43,5.0,1.1,60.0005,67.0781,50.0,30.0,1.6,1.1,60.0,60.0,700.0,100.0,5.0,3.3,90.0,90.0,0.8471,0.6224,49.91,5.72,5.72,0.27,0.29,50.47,True,True
73,50.0,500,20,135.5613,61.4121,1.6,3.2998,60.0002,65.8136,50.0,30.0,1.6,1.1,60.0,60.0,700.0,100.0,5.0,3.3,90.0,90.0,0.7081,0.8243,49.93,7.27,1.6,0.08,0.19,55.87,True,False
74,50.0,500,20,164.3542,90.4365,5.0,1.1,60.2939,74.6368,50.0,30.0,1.6,1.1,60.0,60.0,700.0,100.0,5.0,3.3,90.0,90.0,0.8585,0.6123,49.91,7.08,7.08,0.28,0.13,50.32,True,True
75,50.0,500,40,136.3131,61.2788,1.6,3.2998,60.0029,65.7795,50.0,30.0,1.6,1.1,60.0,60.0,700.0,100.0,5.0,3.3,90.0,90.0,0.712,0.8241,49.92,7.69,1.72,0.08,0.19,56.17,True,False
76,50.0,500,40,166.265,63.7181,1.6,3.0902,60.0007,67.4142,50.0,30.0,1.6,1.1,60.0,60.0,700.0,100.0,5.0,3.3,90.0,90.0,0.8685,0.6857,49.91,8.91,2.16,0.1,0.25,57.01,True,True
77,50.0,500,60,137.0878,61.272,1.6,3.2994,60.0,65.8013,50.0,30.0,1.6,1.1,60.0,60.0,700.0,100.0,5.0,3.3,90.0,90.0,0.7161,0.8238,49.92,8.12,1.85,0.08,0.19,56.47,True,False
78,50.0,500,60,167.4174,63.9213,1.6,3.0739,60.0056,67.3262,50.0,30.0,1.6,1.1,60.0,60.0,700.0,100.0,5.0,3.3,90.0,90.0,0.8745,0.6851,49.9,9.4,2.31,0.1,0.26,57.34,True,True
79,50.0,500,80,137.883,60.926,1.6,3.3,60.0017,65.7834,50.0,30.0,1.6,1.1,60.0,60.0,700.0,100.0,5.0,3.3,90.0,90.0,0.7202,0.8236,49.92,8.56,1.98,0.08,0.19,56.78,True,False
7,20.0,400,60,66.3963,61.1952,1.6,3.1551,60.0044,65.2091,50.0,30.0,1.6,1.1,60.0,60.0,700.0,100.0,5.0,3.3,90.0,90.0,0.2775,0.8422,19.93,3.04,0.71,0.03,0.07,22.37,True,False
80,50.0,500,80,168.6315,64.4129,1.6,3.0363,60.0013,67.4116,50.0,30.0,1.6,1.1,60.0,60.0,700.0,100.0,5.0,3.3,90.0,90.0,0.8809,0.6836,49.91,9.85,2.48,0.11,0.26,57.64,True,True
81,50.0,500,100,138.7087,61.147,1.6,3.2997,60.0016,65.8669,50.0,30.0,1.6,1.1,60.0,60.0,700.0,100.0,5.0,3.3,90.0,90.0,0.7246,0.8233,49.92,9.01,2.11,0.08,0.19,57.1,True,False
82,50.0,500,100,169.8627,64.5295,1.6,3.0139,60.0023,67.4083,50.0,30.0,1.6,1.1,60.0,60.0,700.0,100.0,5.0,3.3,90.0,90.0,0.8873,0.6826,49.9,10.35,2.64,0.11,0.26,57.98,True,True
83,50.0,500,120,139.5483,61.3087,1.6,3.2998,60.0007,65.825,50.0,30.0,1.6,1.1,60.0,60.0,700.0,100.0,5.0,3.3,90.0,90.0,0.7289,0.8231,49.92,9.47,2.24,0.08,0.2,57.43,True,False
84,50.0,500,120,171.1273,64.4947,1.6,2.986,60.0019,67.4092,50.0,30.0,1.6,1.1,60.0,60.0,700.0,100.0,5.0,3.3,90.0,90.0,0.8939,0.6815,49.9,10.84,2.81,0.11,0.26,58.31,True,True
85,80.0,400,0,288.7702,63.8789,1.6,3.3,60.0005,66.5829,50.0,30.0,1.6,1.1,60.0,60.0,700.0,100.0,5.0,3.3,90.0,90.0,1.2067,0.7757,79.91,11.76,2.56,0.13,0.35,89.6,True,False
86,80.0,400,0,359.7262,65.0957,1.6,3.2999,60.0009,68.7695,50.0,30.0,1.6,1.1,60.0,60.0,700.0,100.0,5.0,3.3,90.0,90.0,1.5033,0.6381,79.89,14.65,3.33,0.17,0.45,91.82,True,True
87,80.0,400,20,290.6133,63.6126,1.6,3.3,60.0029,66.5725,50.0,30.0,1.6,1.1,60.0,60.0,700.0,100.0,5.0,3.3,90.0,90.0,1.2144,0.7751,79.91,12.48,2.78,0.13,0.35,90.1,True,False
88,80.0,400,20,362.7613,65.8799,1.6,3.3,60.0006,68.8476,50.0,30.0,1.6,1.1,60.0,60.0,700.0,100.0,5.0,3.3,90.0,90.0,1.5159,0.6373,79.88,15.57,3.61,0.17,0.45,92.47,True,True
89,80.0,400,40,292.5173,63.5501,1.6,3.2999,60.0004,66.5662,50.0,30.0,1.6,1.1,60.0,60.0,700.0,100.0,5.0,3.3,90.0,90.0,1.2224,0.7745,79.91,13.21,2.99,0.14,0.36,90.62,True,False
8,20.0,400,60,80.1306,83.4489,1.6002,1.1002,60.0018,65.5167,50.0,30.0,1.6,1.1,60.0,60.0,700.0,100.0,5.0,3.3,90.0,90.0,0.3349,0.6392,19.91,1.21,0.87,0.1,0.13,20.49,True,True
90,80.0,400,40,365.9082,65.624,1.6,3.3,60.001,68.8209,50.0,30.0,1.6,1.1,60.0,60.0,700.0,100.0,5.0,3.3,90.0,90.0,1.5291,0.6364,79.88,16.52,3.89,0.17,0.46,93.15,True,True
91,80.0,400,60,294.4792,63.5684,1.6,3.3,60.0001,66.6186,50.0,30.0,1.6,1.1,60.0,60.0,700.0,100.0,5.0,3.3,90.0,90.0,1.2306,0.7738,79.91,13.96,3.22,0.14,0.36,91.15,True,False
92,80.0,400,60,369.1674,65.8125,1.6,3.3,60.0007,68.8643,50.0,30.0,1.6,1.1,60.0,60.0,700.0,100.0,5.0,3.3,90.0,90.0,1.5427,0.6355,79.88,17.5,4.18,0.17,0.46,93.84,True,True
93,80.0,400,80,296.4957,63.9149,1.6,3.3,60.0004,66.6263,50.0,30.0,1.6,1.1,60.0,60.0,700.0,100.0,5.0,3.3,90.0,90.0,1.239,0.7732,79.91,14.73,3.44,0.14,0.36,91.7,True,False
94,80.0,400,80,372.5145,65.7835,1.6,3.3,60.002,68.796,50.0,30.0,1.6,1.1,60.0,60.0,700.0,100.0,5.0,3.3,90.0,90.0,1.5567,0.6346,79.88,18.51,4.47,0.17,0.47,94.57,True,True
95,80.0,400,100,298.567,63.7146,1.6,3.3,60.0019,66.635,50.0,30.0,1.6,1.1,60.0,60.0,700.0,100.0,5.0,3.3,90.0,90.0,1.2477,0.7725,79.91,15.52,3.67,0.14,0.37,92.26,True,False
96,80.0,400,100,376.021,65.938,1.6,3.3,60.0,68.9299,50.0,30.0,1.6,1.1,60.0,60.0,700.0,100.0,5.0,3.3,90.0,90.0,1.5713,0.6336,79.88,19.54,4.77,0.18,0.47,95.29,True,True
97,80.0,400,120,300.7043,63.6731,1.6,3.3,60.0003,66.6202,50.0,30.0,1.6,1.1,60.0,60.0,700.0,100.0,5.0,3.3,90.0,90.0,1.2566,0.7718,79.91,16.32,3.9,0.14,0.37,92.84,True,False
98,80.0,400,120,379.6231,65.7364,1.6,3.2999,60.0006,68.9382,50.0,30.0,1.6,1.1,60.0,60.0,700.0,100.0,5.0,3.3,90.0,90.0,1.5864,0.6326,79.87,20.61,5.08,0.18,0.48,96.06,True,True
99,80.0,450,0,252.4703,62.8143,1.6,3.3,60.0041,66.4761,50.0,30.0,1.6,1.1,60.0,60.0,700.0,100.0,5.0,3.3,90.0,90.0,1.1869,0.7872,79.92,11.57,2.51,0.13,0.34,89.44,True,False
9,20.0,400,80,66.7556,61.5899,1.6,3.1368,60.0016,65.2229,50.0,30.0,1.6,1.1,60.0,60.0,700.0,100.0,5.0,3.3,90.0,90.0,0.279,0.8416,19.93,3.2,0.76,0.03,0.07,22.47,True,False
